timestamp,emg1,emg2,emg3,emg4,emg5,emg6,emg7,emg8
1535040498784365,1,5,2,-1,-1,0,1,0
1535040498784365,0,4,1,-1,-2,0,-1,0
1535040498784365,-1,4,-1,1,0,-1,-1,0
1535040498784365,-1,1,-2,-1,0,0,0,-2
1535040498786364,-1,-1,-1,-2,-2,-2,-1,0
1535040498786364,0,2,1,0,-2,-1,-1,-2
1535040498787362,-1,3,-1,-2,0,-1,-1,0
1535040498787362,-1,-3,-3,0,0,-1,-3,-2
1535040498794427,-2,-5,-3,-1,-1,-2,0,0
1535040498794427,0,2,-2,-3,-1,0,0,0
1535040498801424,1,-3,-2,-1,-1,0,-1,-2
1535040498801424,-1,1,-1,-1,0,-2,0,0
1535040498824414,-1,0,-1,2,0,0,0,0
1535040498824414,-2,-6,-1,1,-1,-1,-1,0
1535040498828335,-1,-7,-2,0,-1,0,-1,-2
1535040498828335,0,-1,-2,-2,-1,-1,0,0
1535040498830407,1,1,0,-2,-1,0,-1,1
1535040498830407,-1,-3,-1,-1,-1,-1,0,0
1535040498863319,-3,-5,-1,0,-2,-1,-1,0
1535040498863319,0,-8,0,0,-1,-2,0,-3
1535040498892372,-2,-2,0,-1,-1,-1,0,-1
1535040498892372,1,5,0,-1,-1,1,-1,0
1535040498893298,0,0,-1,0,-2,-2,-3,-3
1535040498893298,1,-1,0,-1,-2,0,-2,-3
1535040498893298,-3,-1,-3,0,-1,-1,0,-1
1535040498893298,0,3,-1,1,-1,0,-2,-2
1535040498894298,-4,-4,-3,-1,-1,0,2,0
1535040498894298,-1,0,-2,-2,0,-1,-1,-1
1535040498906293,-1,4,-2,-2,-1,0,-1,-1
1535040498906293,-1,0,0,0,-1,-2,1,-2
1535040498912360,0,-1,1,-1,0,-1,-1,-1
1535040498912360,-1,0,0,0,0,-2,-1,-2
1535040498921283,0,-4,0,-1,0,-1,0,0
1535040498921283,1,0,2,-2,0,0,-2,0
1535040498935349,0,4,-2,-3,-2,-1,-2,3
1535040498935349,-3,-4,-1,-2,-2,-1,0,7
1535040498943285,-2,-5,-2,0,-2,-1,-3,-6
1535040498943285,-1,-6,0,1,-1,-3,-2,1
1535040498957383,-1,-4,-1,-2,-1,-1,0,-2
1535040498957383,-2,0,-3,-1,-1,-1,-2,-2
1535040498966283,-2,-1,1,0,0,-1,-2,4
1535040498966283,-1,4,-4,-1,-2,0,0,-6
1535040498981324,0,4,0,-1,-1,-1,-1,-2
1535040498981324,-2,-6,-1,-2,0,0,1,-1
1535040498982251,-1,-3,-2,-2,-3,-1,1,-3
1535040498982251,0,-6,-1,-1,0,0,0,2
1535040499004235,-2,1,0,1,1,-1,-1,1
1535040499004235,-2,2,-1,2,-2,-2,-3,-3
1535040499004235,0,0,-1,-1,-2,-1,-2,-2
1535040499004235,-1,0,-3,-2,-1,0,-1,2
1535040499027302,0,-1,-3,-2,0,0,-2,-2
1535040499027302,-4,-4,-1,-1,-2,2,-1,-3
1535040499027302,2,3,1,-1,1,2,-2,-1
1535040499027302,-2,-3,0,-1,-2,3,-1,0
1535040499041287,-1,-6,1,-1,-1,1,-1,-2
1535040499041287,1,5,-1,-1,-1,-2,-1,0
1535040499042215,-2,-1,-1,0,0,-3,1,-1
1535040499042215,-2,-1,0,-1,0,-3,-1,-3
1535040499064201,0,1,-2,-1,-1,-3,-2,0
1535040499064201,0,-1,0,0,0,-4,-2,0
1535040499065200,0,-4,-3,-1,-2,-2,0,-1
1535040499065200,-3,-2,-2,0,0,-3,-2,2
1535040499077193,-1,3,0,-1,-1,-1,-1,-8
1535040499077193,2,4,-2,1,1,0,2,-2
1535040499086256,0,2,-1,0,0,0,-2,-1
1535040499086256,-1,2,-1,-1,1,-1,1,0
1535040499100295,2,2,-1,-2,-2,-1,1,1
1535040499100295,-1,-3,0,1,-2,-2,-2,-2
1535040499109175,0,-2,1,-1,0,-1,-2,0
1535040499109175,0,-3,-1,0,-2,-2,0,-1
1535040499124283,-1,-4,0,1,-1,0,0,1
1535040499124283,-2,-5,-3,-3,-2,0,1,-6
1535040499125176,-1,0,-3,-2,0,0,0,1
1535040499125176,2,1,0,-2,-2,-1,-2,0
1535040499146272,0,3,0,-2,-1,-2,-1,1
1535040499146272,-2,0,-1,0,-1,0,-1,0
1535040499148169,-1,-2,0,0,-1,-1,-1,0
1535040499148169,-1,-1,-3,-1,-1,-1,-1,-2
1535040499169157,-2,-3,-1,1,0,-2,-2,0
1535040499169157,0,-2,-2,-2,0,-1,-2,1
1535040499170141,-1,5,0,-2,0,0,0,-1
1535040499170141,0,-1,0,-1,-1,1,0,-3
1535040499184250,5,0,2,1,0,1,1,6
1535040499184250,-3,4,1,-2,0,0,-1,-6
1535040499185135,-6,-3,-1,-1,-1,0,0,-9
1535040499185135,0,-3,-3,-1,0,0,0,-1
1535040499206235,-5,-2,-1,0,-2,0,0,0
1535040499206235,1,1,2,2,0,-1,0,3
1535040499208119,1,1,0,1,-1,-1,-1,1
1535040499208119,-3,-3,-2,-1,0,-2,-1,-3
1535040499220111,-3,1,-2,-3,-1,0,0,-1
1535040499220111,3,6,-1,-2,0,-2,-2,2
1535040499236104,-1,-3,-2,-1,-1,-3,-1,1
1535040499236104,-6,-6,0,-2,-1,-2,0,-1
1535040499244173,2,-4,-1,-2,-1,0,-1,0
1535040499244173,-4,-4,-1,-2,-1,0,0,-2
1535040499245114,-1,-3,-1,0,-2,0,-3,-1
1535040499245114,2,4,1,1,0,-1,-2,1
1535040499266199,0,4,-2,-1,-2,-2,-3,-4
1535040499266199,-2,1,2,-2,0,-1,0,1
1535040499268088,2,0,-1,-1,1,-1,-1,0
1535040499268088,1,4,1,1,0,-2,0,0
1535040499280196,2,-1,-2,-2,-1,-1,0,11
1535040499280196,-4,-4,-1,1,0,-1,-1,-6
1535040499289072,-9,-6,0,-1,-1,0,-1,-10
1535040499289072,4,5,3,0,-2,1,-2,-3
1535040499304100,1,0,1,-1,-2,-1,0,1
1535040499304100,0,1,-1,-1,-2,0,-1,4
1535040499306063,1,2,-1,-2,-1,-1,0,2
1535040499306063,-3,0,-2,0,-2,-2,-1,-3
1535040499334121,-1,-2,-3,-1,1,0,-1,-4
1535040499334121,-2,-8,-3,-1,-1,0,-1,3
1535040499336046,-1,0,-3,-1,-1,-2,-1,-1
1535040499336046,-3,-1,-3,-2,-1,-1,0,4
1535040499340053,-1,0,0,0,-1,-3,-2,-2
1535040499340053,-1,0,1,0,-1,-1,-1,-3
1535040499349040,0,-3,-1,0,1,1,1,0
1535040499349040,1,-5,-4,-2,-1,-2,-1,-2
1535040499364104,-2,-4,-2,1,0,-1,0,-3
1535040499364104,2,0,-3,-1,-2,1,0,-1
1535040499366028,1,4,-1,-2,-2,-1,0,2
1535040499366028,-2,0,-1,0,0,-2,0,1
1535040499386033,-4,-7,-2,0,-1,-1,-2,-6
1535040499386033,-2,-1,0,-2,-1,-2,-1,-1
1535040499388016,5,-4,0,1,-2,-1,-1,6
1535040499388016,-3,-5,2,-2,-1,1,-1,-8
1535040499400083,-5,0,1,0,-1,-1,-1,-3
1535040499400083,2,0,1,-1,-1,0,0,7
1535040499409003,-1,1,-2,-1,-3,-1,-1,-6
1535040499409003,-2,-1,0,0,2,0,0,1
1535040499424070,-1,1,-2,-2,-1,-2,-3,-3
1535040499424070,0,0,-3,-2,-2,-1,-1,-2
1535040499425994,-1,6,2,-1,0,-1,1,3
1535040499425994,-1,-1,-1,0,-1,-2,1,0
1535040499446101,0,-3,-1,-1,0,-1,-1,-2
1535040499446101,0,-3,-1,-2,-1,-1,-2,-3
1535040499447984,-2,-3,0,-1,-1,-3,-1,-1
1535040499447984,0,-2,-1,-1,-1,0,0,-1
1535040499461092,-1,-5,-2,-2,-1,-1,0,1
1535040499461092,-1,-2,-1,1,-1,-3,-1,-2
1535040499475084,-2,2,-3,0,-1,-3,-1,0
1535040499475084,0,7,0,0,0,-1,1,1
1535040499484035,-5,2,-1,-1,0,-1,-1,0
1535040499484035,0,0,0,0,0,-1,-1,-2
1535040499485960,2,-3,-1,-1,-1,-1,-1,-1
1535040499485960,-1,-5,-2,-2,-1,-3,-1,0
1535040499514056,0,0,0,-1,-1,0,-2,-2
1535040499514056,-3,5,0,0,-1,-2,-1,-6
1535040499515946,1,-2,0,-2,-1,0,-1,-2
1535040499515946,1,-4,-2,-1,-1,0,-1,-1
1535040499519942,0,-1,0,-1,-1,-2,0,-2
1535040499519942,0,0,-2,2,-1,-1,-1,1
1535040499534931,-3,-1,0,1,-2,0,0,-2
1535040499534931,0,-4,-1,-1,1,0,0,0
1535040499544003,-3,1,-3,1,0,-1,0,-2
1535040499544003,3,-1,1,-1,-1,-1,-1,3
1535040499545941,1,0,-1,0,0,-2,-2,-1
1535040499545941,-3,0,0,-1,-2,0,-2,0
1535040499566913,-1,-1,0,0,0,-1,0,-8
1535040499566913,-3,0,0,-1,0,-1,-2,1
1535040499567913,1,-2,-2,-1,-1,0,-1,1
1535040499567913,1,5,-1,0,0,-1,-2,1
1535040499580020,-3,-2,0,-2,1,1,-3,0
1535040499580020,5,-5,0,-1,1,-1,0,-1
1535040499588900,0,0,0,0,1,-1,-2,-1
1535040499588900,2,-3,-2,0,-1,-2,0,1
1535040499603894,-2,1,1,-1,-2,-1,-1,0
1535040499603894,-7,-1,-3,-2,-2,-1,0,-8
1535040499605892,-5,0,1,-1,-1,-1,-1,1
1535040499605892,1,0,-1,1,-3,-1,-1,-2
1535040499626878,1,-1,-1,-2,-1,0,-1,1
1535040499626878,1,-3,-3,-3,1,-1,0,-1
1535040499627885,2,-1,-1,-1,-1,-2,0,5
1535040499627885,-5,1,-1,-1,-1,-1,-4,-2
1535040499640888,-3,-2,-2,-1,0,-2,-2,-4
1535040499640888,0,2,0,1,-2,0,-1,0
1535040499648868,0,0,-1,-1,0,1,1,-1
1535040499648868,3,-2,1,-2,-1,1,0,5
1535040499663860,3,-1,1,0,-1,0,0,0
1535040499663860,-2,-8,-1,-2,-1,-1,-1,-2
1535040499665859,0,-4,0,-1,0,-1,-1,3
1535040499665859,-1,-6,-1,-1,-1,0,0,-2
1535040499686844,1,-3,-1,-1,-1,0,-1,0
1535040499686844,-2,2,0,-1,-1,-2,-1,-3
1535040499687844,-3,1,-1,-2,-1,-2,-2,-2
1535040499687844,-4,1,-1,-1,-1,-2,0,-2
1535040499699839,1,0,-2,-1,0,0,-2,0
1535040499699839,2,6,1,2,1,1,-1,0
1535040499708833,-1,1,-2,-1,0,-1,-1,-2
1535040499708833,-3,-1,-4,1,-1,-2,-2,-4
1535040499723823,3,3,1,-1,-1,-2,1,1
1535040499723823,6,1,0,-1,-1,0,1,4
1535040499725825,-6,-6,0,-2,-1,-1,-1,2
1535040499725825,-6,-4,-2,-1,-2,-1,-1,-4
1535040499746827,0,-1,-1,0,-1,-1,0,-1
1535040499746827,-1,2,-3,0,-3,-1,-1,-1
1535040499748813,-1,-1,0,0,0,-1,-1,-4
1535040499748813,-2,1,-1,-2,0,0,0,0
1535040499759807,-2,-5,-4,-1,-2,-3,-2,-1
1535040499759807,2,1,0,-1,0,1,-2,-1
1535040499768799,0,0,-3,-1,0,-1,-2,-2
1535040499768799,-1,-1,-1,0,-2,-2,-2,-1
1535040499783790,-2,1,0,-1,-2,-1,-1,-1
1535040499783790,-3,-5,-1,-1,-2,-1,-2,-1
1535040499785789,0,-2,1,-2,0,2,0,-3
1535040499785789,1,2,-1,-2,0,1,-1,-1
1535040499806776,-1,-3,-2,0,-2,-2,0,-1
1535040499806776,3,2,2,2,-1,-1,0,4
1535040499807775,-4,-1,0,-2,-2,0,1,2
1535040499807775,2,2,0,-2,0,-1,1,-1
1535040499819769,-2,-3,0,-2,-1,0,-1,1
1535040499819769,-3,-2,-3,-3,-2,-3,-2,-3
1535040499828763,2,2,-1,-1,-1,-1,0,-1
1535040499828763,2,1,0,-2,-3,-1,-2,-1
1535040499843755,3,-8,-2,0,-2,0,0,-2
1535040499843755,-3,-3,-3,-3,-2,-2,0,0
1535040499845755,-2,-2,-1,0,0,-2,-1,-6
1535040499845755,-2,0,-3,-1,-1,0,-1,4
1535040499865742,-2,3,1,0,1,2,-1,-2
1535040499865742,-1,-1,-1,-1,1,-3,0,1
1535040499872739,0,2,-1,-1,0,-1,0,-2
1535040499872739,-1,1,-1,0,-2,-3,-1,-1
1535040499888729,1,0,-2,-1,-1,-3,-1,0
1535040499888729,-3,1,0,0,-1,-1,-1,0
1535040499890728,-3,-5,-3,-1,-2,-1,-2,0
1535040499890728,0,-6,0,-1,1,-2,0,-1
1535040499911717,0,-3,-1,0,-2,-2,1,-1
1535040499911717,-2,-3,2,0,1,-2,0,-2
1535040499912716,4,2,0,0,-2,0,-2,0
1535040499912716,-3,-3,-1,0,-1,0,-2,0
1535040499925708,-4,-4,-1,-2,0,0,-2,1
1535040499925708,-3,-3,-2,-1,-2,0,-3,-6
1535040499932704,2,4,-1,0,-1,0,-2,-2
1535040499932704,2,-2,0,0,-1,0,-1,-4
1535040499948696,-1,0,-1,-2,-1,0,-1,-2
1535040499948696,-3,-2,0,0,-2,-1,1,-1
1535040499950694,5,1,-1,0,-1,-1,-1,0
1535040499950694,-1,-3,0,-1,-1,-1,-2,-2
1535040499971684,-1,5,0,0,-2,-1,-1,5
1535040499971684,-2,-3,0,0,-1,0,-3,-4
1535040499972681,-5,-4,1,-3,-2,-1,-2,-1
1535040499972681,1,-2,-2,-1,-1,0,0,0
1535040499985674,1,3,2,1,-1,0,0,-1
1535040499985674,0,0,-2,-1,0,-1,-1,0
1535040499992669,-3,1,-3,-2,0,-1,0,-1
1535040499992669,-1,-2,-1,-1,-2,-2,-2,-2
1535040500008660,-2,1,0,-2,-1,-1,-2,-4
1535040500008660,-1,-1,-2,-1,-1,-1,-1,-1
1535040500010660,-2,-4,-1,-1,-1,-2,0,1
1535040500010660,-3,-1,0,-2,-1,-1,1,-6
1535040500031646,0,0,-4,-1,0,-1,-3,-2
1535040500031646,0,-3,0,-3,1,-1,0,0
1535040500032646,-1,0,-4,-1,-2,-1,-2,0
1535040500032646,-1,4,-2,-2,-1,-1,0,-2
1535040500053635,-1,1,2,0,0,-2,-2,-2
1535040500053635,3,-2,-1,-1,-1,1,-1,5
1535040500055634,-1,-5,1,-2,0,0,-1,-8
1535040500055634,-3,0,0,1,0,0,-1,1
1535040500068628,-3,-7,-2,-1,-1,-1,0,-1
1535040500068628,-3,-2,-1,-1,-2,-1,0,-1
1535040500070626,-2,-2,-3,0,0,0,0,1
1535040500070626,-2,0,1,0,-1,0,0,-1
1535040500091613,1,2,1,-3,-2,-2,0,-1
1535040500091613,3,-1,-1,0,-2,-1,0,3
1535040500092614,-1,0,-1,0,-1,0,0,3
1535040500092614,-2,-1,-1,-1,1,-2,-2,-6
1535040500104609,-1,2,-2,0,0,0,-1,-1
1535040500104609,-6,-2,-3,-3,-1,-3,-1,-4
1535040500114605,-2,0,-1,-2,-3,0,0,0
1535040500114605,0,0,0,0,-2,1,-2,4
1535040500129591,-2,1,1,-2,-1,-2,-1,1
1535040500129591,2,2,0,1,-1,-1,0,-3
1535040500131591,0,-1,-2,0,-1,-1,-1,-2
1535040500131591,2,-4,-1,-2,0,0,0,-1
1535040500151579,-1,-3,1,-1,-1,-2,-1,-2
1535040500151579,-1,2,0,0,1,0,0,-2
1535040500152579,-3,0,1,-1,-1,-1,-1,-2
1535040500152579,0,0,-3,-1,-1,-2,1,-1
1535040500164571,0,-3,-4,0,-1,-2,0,0
1535040500164571,-2,-7,-5,-3,-1,-2,0,-1
1535040500173567,4,1,3,1,-1,0,0,0
1535040500173567,1,0,0,-1,-1,-1,-1,2
1535040500188558,-7,2,1,1,-1,1,0,-10
1535040500188558,-2,0,-1,-1,-1,-2,0,0
1535040500190556,-4,-1,-3,-2,0,-1,-1,-3
1535040500190556,3,0,-1,0,-2,1,-3,1
1535040500211545,3,0,0,1,0,0,-1,2
1535040500211545,-3,-2,-5,-1,-1,-1,1,0
1535040500212546,-1,-3,1,-1,-1,-1,0,-1
1535040500212546,3,0,1,0,-1,1,1,2
1535040500224537,-1,-1,-2,-2,-2,-2,-2,2
1535040500224537,0,3,0,-1,-1,0,-3,-3
1535040500249523,-2,1,-2,0,-1,-2,0,-1
1535040500249523,-3,1,2,0,-1,-2,0,-3
1535040500250522,0,1,2,-1,0,0,-1,-1
1535040500250522,-2,8,1,-1,0,-1,0,-2
1535040500251524,1,-2,-2,-1,-1,-2,-1,-2
1535040500251524,1,-5,-2,-1,-1,-1,-1,-1
1535040500271511,-1,-3,-1,-1,1,1,2,2
1535040500271511,-4,-5,-1,-2,-1,-1,-2,-4
1535040500272510,-2,-2,-2,0,-1,-1,0,-1
1535040500272510,-3,-1,-3,-1,-1,-2,-2,-1
1535040500285501,0,-3,-4,-1,-1,-1,-2,1
1535040500285501,-3,1,-1,-2,1,-2,-1,1
1535040500294497,-3,-2,-4,-1,-1,1,-1,-2
1535040500294497,2,2,4,0,1,0,0,1
1535040500308489,0,1,-1,-1,-2,1,-1,-2
1535040500308489,4,-4,2,0,-1,-1,0,-1
1535040500310490,-2,-2,0,-2,-1,-1,-2,-1
1535040500310490,-12,-6,0,-1,-1,-1,0,-3
1535040500331476,-1,-2,-3,-1,-1,-1,-1,-1
1535040500331476,-2,-3,-2,0,-1,0,0,-2
1535040500333474,6,2,0,1,-1,-3,-1,2
1535040500333474,-1,2,-2,-1,-3,0,0,-1
1535040500345467,-3,-1,-2,-1,-1,0,0,0
1535040500345467,3,-1,0,-3,-4,1,-1,5
1535040500354462,-6,0,-2,-2,-1,1,-2,0
1535040500354462,-1,0,-1,-2,-1,0,-2,-7
1535040500368454,0,1,-3,1,-1,-2,-2,-1
1535040500368454,0,1,0,1,0,-1,0,-1
1535040500370454,1,1,1,0,-1,-1,-1,4
1535040500370454,0,-2,-2,0,-2,-1,-1,2
1535040500391442,-1,-2,2,-1,-1,1,1,-3
1535040500391442,2,-2,-1,-1,-2,-1,-2,1
1535040500393439,-7,-2,0,-1,-2,0,-1,-4
1535040500393439,-1,1,-4,-2,0,-2,-1,-2
1535040500405435,1,-3,-1,-1,0,0,0,0
1535040500405435,0,4,-2,-1,-1,-1,-1,-1
1535040500414428,1,5,-2,-1,-1,-1,-1,-2
1535040500414428,2,-2,-2,-1,1,-1,-1,-2
1535040500428418,-1,0,0,-1,-2,-1,0,3
1535040500428418,-4,-1,-2,-2,-1,-1,-2,-4
1535040500436417,-1,-5,-1,-2,1,-1,-2,-1
1535040500436417,2,-1,-1,0,-1,-1,0,0
1535040500451526,0,-1,-2,0,0,-1,0,-1
1535040500451526,-2,-3,0,-1,-1,1,-2,0
1535040500453409,-4,-2,1,0,2,0,-1,-8
1535040500453409,-2,-4,-3,0,0,-1,0,-1
1535040500465512,0,-2,0,-2,-1,0,-2,0
1535040500465512,-1,-1,-1,0,-1,-2,0,1
1535040500474410,-1,-6,0,0,-3,2,-1,-1
1535040500474410,-1,4,-2,-2,-1,-3,-1,-1
1535040500489439,-2,2,-1,-3,-1,-3,-1,-3
1535040500489439,0,5,1,-2,1,0,-2,-1
1535040500490399,0,0,-2,-1,-1,1,-1,1
1535040500490399,1,-6,-2,-1,-2,-1,-1,1
1535040500511452,1,-1,-1,-1,-2,-1,-1,-1
1535040500511452,-2,-5,-1,-1,-1,-1,-1,4
1535040500513373,-6,-8,-1,-3,-1,-2,0,-9
1535040500513373,5,4,2,-1,-1,-2,-2,2
1535040500525440,-10,-3,-2,-2,0,0,-2,-8
1535040500525440,6,3,-1,0,1,1,2,-5
1535040500541357,3,8,1,1,-1,1,1,18
1535040500541357,-6,-5,-4,-2,-1,-2,-8,-12
1535040500549382,-20,-14,-5,-2,1,-1,-4,-9
1535040500549382,21,2,3,2,-1,-1,-4,-4
1535040500550350,-4,-7,-2,-1,-3,0,12,2
1535040500550350,-14,11,4,2,-2,0,-7,-12
1535040500571413,9,-1,2,1,-1,-2,5,10
1535040500571413,-12,-10,-3,0,1,0,3,-1
1535040500573339,4,-11,-8,0,0,-2,-8,-6
1535040500573339,9,7,2,-2,0,3,1,14
1535040500594324,-7,4,-2,-1,-1,-3,-4,-6
1535040500594324,-15,-2,-4,-2,-3,-1,-2,2
1535040500595325,9,3,2,-2,0,-3,0,0
1535040500595325,-3,-9,-2,-1,-1,-3,1,1
1535040500609328,3,-1,1,0,0,0,-2,-2
1535040500609328,7,-4,-2,-2,1,4,3,6
1535040500610318,-7,0,-3,-1,-3,-9,-5,-2
1535040500610318,2,-1,0,-2,0,-1,2,-3
1535040500631304,7,1,-1,1,0,3,0,8
1535040500631304,-3,1,-2,-1,-1,0,1,-3
1535040500633304,-8,5,1,-2,-1,2,-2,-3
1535040500633304,6,-6,-3,-3,-3,-6,1,4
1535040500654291,1,7,4,0,0,-2,-10,-12
1535040500654291,1,0,-2,-1,-3,5,7,4
1535040500655290,0,6,4,1,3,-2,-1,-8
1535040500655290,-14,-4,-4,-2,-2,1,-2,7
1535040500669298,-6,-16,-8,-4,-2,-1,-1,-2
1535040500669298,0,4,3,1,0,-6,0,-4
1535040500670282,33,19,4,0,-1,-4,-16,23
1535040500670282,-2,-5,2,5,-4,-1,11,-1
1535040500691344,2,8,2,1,-1,-6,-18,-11
1535040500691344,-38,-15,-7,-5,0,17,24,10
1535040500693285,27,17,7,-1,6,10,-11,-12
1535040500693285,4,-6,-2,2,-1,-10,-3,11
1535040500714259,27,5,-1,1,-5,-5,1,16
1535040500714259,-19,-3,-2,-2,-6,-11,-9,-6
1535040500715256,-40,-15,-8,-6,-3,9,5,-16
1535040500715256,-10,-2,-5,-1,0,-4,-10,-9
1535040500728248,13,-2,-1,-4,1,1,4,8
1535040500728248,19,5,3,5,-6,-5,-6,-1
1535040500735261,-12,-6,-4,3,-1,-14,-4,-6
1535040500735261,14,7,0,-7,-4,3,22,0
1535040500751235,-8,-5,-1,-2,3,2,-4,2
1535040500751235,7,-3,1,-10,0,-2,-2,-2
1535040500753234,-7,-8,-3,-3,-5,8,11,1
1535040500753234,0,-3,1,0,0,1,-3,-4
1535040500774259,-3,6,0,4,1,5,21,9
1535040500774259,0,4,1,8,2,-8,-14,-13
1535040500775226,8,0,-3,2,-3,-3,0,8
1535040500775226,-3,2,-2,-7,0,-1,3,-15
1535040500788249,-10,3,-1,-3,0,4,-5,-3
1535040500788249,5,-4,1,2,0,-2,0,-1
1535040500795227,-6,-5,0,3,-3,0,1,4
1535040500795227,0,-3,-5,-6,-4,-15,-10,1
1535040500811200,-7,-4,-1,-2,0,9,0,-16
1535040500811200,3,-2,-2,1,-3,-4,6,-3
1535040500813199,-4,-7,0,-5,0,6,4,-1
1535040500813199,-5,-4,1,2,0,7,-9,-5
1535040500834262,-7,-2,-3,5,-3,-5,13,10
1535040500834262,-11,2,-5,-1,2,-5,-14,-5
1535040500835187,-2,1,0,-6,-1,-9,-2,-13
1535040500835187,8,0,-5,-7,-2,13,9,5
1535040500848254,18,6,9,20,3,-6,-12,-11
1535040500848254,-12,1,-9,-14,-13,7,7,24
1535040500855250,-10,-5,-1,14,4,-16,-13,-16
1535040500855250,-21,-5,-2,-6,17,17,-4,1
1535040500871280,45,5,2,-6,0,-1,11,36
1535040500871280,-3,-4,-2,0,-16,-3,-3,-53
1535040500873182,-52,-5,-1,-1,10,10,-4,-11
1535040500873182,56,9,-2,-2,-12,-26,-7,28
1535040500894152,-59,-10,-5,1,2,-7,-6,-50
1535040500894152,12,1,1,-1,-2,-13,-11,15
1535040500895152,9,-2,-3,-5,-3,31,33,-4
1535040500895152,-11,-2,0,6,14,19,-5,-8
1535040500907146,7,0,-5,-16,-7,-25,-9,-14
1535040500907146,7,0,4,-2,-11,-17,-14,16
1535040500916175,-15,-9,-7,-3,-6,5,-4,7
1535040500916175,-6,-3,0,1,-9,-16,-7,-18
1535040500931245,27,2,0,-1,-1,8,12,42
1535040500931245,-10,7,-1,-4,4,2,0,-15
1535040500933134,4,-8,1,3,0,-15,-12,18
1535040500933134,-21,-4,6,27,14,27,4,-19
1535040500954233,-23,-10,-11,-33,-8,-29,-29,-14
1535040500954233,7,1,2,3,6,9,9,3
1535040500955118,30,12,1,-9,-11,-15,0,12
1535040500955118,-25,-26,-10,-6,-9,-14,-8,-5
1535040500968134,5,32,17,24,14,11,1,2
1535040500968134,23,4,3,7,4,22,25,-1
1535040500976214,26,1,-7,-25,-26,-32,-19,5
1535040500976214,-41,-2,-2,-4,2,-4,-2,-3
1535040500991169,6,-2,9,23,7,17,5,6
1535040500991169,0,5,-1,3,6,-7,-1,7
1535040500993097,12,8,18,29,45,77,89,14
1535040500993097,-11,-38,-29,-53,-48,-57,-99,-23
1535040501014203,-12,-8,-2,7,-25,-42,-83,-24
1535040501014203,-51,6,2,-2,15,18,-5,-21
1535040501015087,6,-16,-15,-11,-7,14,45,21
1535040501015087,38,38,9,3,-4,-6,-41,12
1535040501029092,-33,-36,-2,-4,6,75,116,-30
1535040501029092,11,-58,-19,12,-35,-46,-83,7
1535040501035147,4,70,30,27,38,39,80,19
1535040501035147,-39,-26,-17,1,-52,-78,-72,-57
1535040501051175,34,1,6,-5,62,20,71,75
1535040501051175,1,-1,-5,-13,-2,0,21,-6
1535040501053069,21,-18,-9,2,-24,14,-76,25
1535040501053069,18,19,13,32,35,-23,94,-5
1535040501074125,-41,-3,0,-18,-16,-45,51,-13
1535040501074125,7,-37,-15,22,23,22,-40,-2
1535040501076049,-43,3,-9,-58,-20,-100,-128,-11
1535040501076049,5,9,3,-15,-76,5,89,2
1535040501088115,-21,-27,-13,32,57,54,62,21
1535040501088115,47,59,11,-17,1,-19,-24,0
1535040501097037,-13,-40,-8,7,-19,-21,-8,-36
1535040501097037,57,42,18,24,18,102,34,50
1535040501111029,-20,3,-6,-41,-49,-46,57,-41
1535040501111029,-64,-20,-5,48,35,52,-50,-7
1535040501113028,34,2,-3,-34,48,33,122,39
1535040501113028,-18,-14,-2,10,9,-55,-57,20
1535040501135015,82,74,15,-33,-27,3,-36,-14
1535040501135015,-26,0,4,1,-16,-81,-103,-36
1535040501137015,-20,-36,-12,21,-36,49,59,-9
1535040501137015,-15,-49,-13,-20,30,27,6,0
1535040501148111,36,69,16,8,-3,-16,-100,5
1535040501148111,0,-19,-2,3,-12,0,27,7
1535040501157005,-38,-39,-27,-16,-17,-54,-5,-23
1535040501157005,-33,16,5,-10,-30,-54,-49,-22
1535040501179105,48,17,6,39,49,68,-50,18
1535040501179105,6,-22,-8,-11,-8,-29,117,14
1535040501180989,-13,35,16,-1,-15,75,89,29
1535040501180989,-44,-32,-12,11,9,-89,-63,-51
1535040501194099,-8,-26,-6,4,7,2,-8,-7
1535040501194099,46,52,21,-21,14,122,127,38
1535040501195980,-24,-54,-20,-9,-45,-102,5,-8
1535040501195980,10,20,18,-1,-37,58,42,12
1535040501208080,-27,-11,-8,19,66,-4,-68,-33
1535040501208080,16,-25,-7,5,0,25,-63,40
1535040501216968,21,6,-14,-51,-16,-6,4,-71
1535040501216968,-36,-18,0,5,20,29,8,5
1535040501231078,42,14,-4,-29,-45,-68,-38,-2
1535040501231078,-3,6,3,-30,1,-11,74,6
1535040501232969,-63,-27,3,51,37,-10,-60,-21
1535040501232969,100,81,30,-10,-4,-9,82,42
1535040501254022,-108,-51,-31,-12,-88,30,120,15
1535040501254022,-24,-4,-8,7,52,-53,-80,-10
1535040501255963,67,58,20,-2,-68,-16,-13,-44
1535040501255963,38,-26,-18,5,123,17,19,24
1535040501268050,-48,-40,9,22,-22,10,29,51
1535040501268050,72,76,20,40,-22,-20,69,28
1535040501276934,-78,-31,-7,-21,-11,-76,-125,-61
1535040501276934,36,8,-1,-27,-2,40,71,-31
1535040501291039,-40,-55,-13,-8,15,-39,-39,20
1535040501291039,27,42,19,46,11,36,104,-20
1535040501292927,23,2,-10,-58,24,9,-7,81
1535040501292927,-18,-8,15,40,-2,5,-52,-51
1535040501314026,-75,10,-2,-49,-11,-4,39,-23
1535040501314026,10,-22,-19,-31,16,5,-11,-9
1535040501315928,-25,18,4,11,-72,-51,-89,-3
1535040501315928,-18,-30,-1,-34,70,92,93,26
1535040501327907,26,22,-2,21,-82,-65,-91,-5
1535040501327907,-27,-11,-1,15,31,62,10,-8
1535040501336903,-3,-13,-1,54,-19,-44,27,-47
1535040501336903,39,20,-11,-63,5,53,-5,27
1535040501358961,-3,0,9,2,16,-47,-76,-19
1535040501358961,-16,-14,-6,-21,-20,-3,39,24
1535040501360885,28,38,13,36,20,-34,-66,0
1535040501360885,-45,-33,-21,-2,-21,-21,-7,41
1535040501374000,10,-19,-6,8,4,28,34,-55
1535040501374000,46,44,19,14,-53,-28,21,-30
1535040501375877,26,46,12,-8,79,46,76,6
1535040501375877,5,25,4,8,-56,-21,-10,0
1535040501387945,19,-25,-15,-3,13,32,14,25
1535040501387945,-104,-126,-33,-19,1,38,41,-15
1535040501396868,126,110,75,61,13,-31,-30,-12
1535040501396868,-22,-49,-1,48,4,76,127,53
1535040501411888,62,40,2,-3,51,-49,51,-32
1535040501411888,-30,-8,-4,-18,-13,-24,-15,13
1535040501412856,-73,-81,-40,-16,18,63,-42,25
1535040501412856,3,45,30,15,-68,-37,28,0
1535040501433957,-10,-11,1,19,29,34,25,-7
1535040501433957,-4,-4,14,52,77,-56,-47,-22
1535040501435859,21,2,-1,6,1,32,76,43
1535040501435859,-91,-60,-29,-10,-9,-12,55,-12
1535040501447954,27,-9,-10,-19,-59,28,47,11
1535040501447954,75,35,3,-8,-39,-32,-54,-11
1535040501456847,14,11,8,5,32,50,73,14
1535040501456847,-5,0,-10,-9,-52,-27,-46,-44
1535040501471930,-15,-18,-3,26,57,13,-58,5
1535040501471930,-30,-23,-9,-14,-20,2,36,4
1535040501472822,19,8,14,7,47,83,114,-17
1535040501472822,3,-2,-16,-19,-2,-85,-127,-27
1535040501493928,14,23,2,-15,-89,-2,67,3
1535040501493928,-106,-107,-36,-22,13,-43,-108,-23
1535040501495809,59,63,34,-14,34,4,43,66
1535040501495809,26,50,27,38,52,49,45,0
1535040501516870,-28,-33,-21,-22,-16,-70,-79,-2
1535040501516870,-29,0,-4,-39,-37,-37,-61,-9
1535040501517797,-51,-68,-15,12,-116,-37,14,-8
1535040501517797,-15,-34,-28,-1,115,-13,-118,-4
1535040501531859,27,10,2,-31,21,13,2,13
1535040501531859,47,38,11,-34,-92,-30,-7,12
1535040501532788,-49,-39,-23,-23,78,11,19,-28
1535040501532788,38,31,11,1,-67,-59,-61,-18
1535040501553850,-86,-49,-15,0,-8,35,72,16
1535040501553850,99,63,13,5,10,19,-2,34
1535040501555777,-55,-29,-15,18,-28,-78,-11,-4
1535040501555777,-5,18,19,14,9,32,80,0
1535040501576835,69,29,28,31,40,48,63,35
1535040501576835,-18,4,7,27,-42,-80,-1,34
1535040501577762,19,44,11,-1,67,100,-10,8
1535040501577762,55,1,-1,-23,-60,-15,29,24
1535040501589771,-55,20,14,9,-56,-46,-41,-50
1535040501589771,-45,-21,7,25,107,81,48,-63
1535040501598798,16,0,-13,-42,18,-36,-17,26
1535040501598798,-10,-35,-20,-17,-16,19,-72,11
1535040501613815,40,-8,-5,-18,-32,-41,-14,-6
1535040501613815,-55,-9,11,64,-14,60,55,14
1535040501615743,44,32,-4,27,47,6,-52,-27
1535040501615743,-8,-4,4,-7,11,-1,-11,-5
1535040501636804,-4,-10,7,10,6,2,5,13
1535040501636804,-31,-12,-9,-9,-55,-16,-10,-25
1535040501637728,-21,-68,-14,-19,-20,2,-43,-6
1535040501637728,61,110,41,19,6,32,90,32
1535040501650833,51,22,0,4,3,14,-7,10
1535040501650833,-23,-41,-6,-13,22,-3,6,-5
1535040501657715,-116,-119,-53,-20,-58,-12,-24,-16
1535040501657715,43,55,39,25,32,-9,-3,-19
1535040501673709,-50,-3,-13,-2,12,30,24,-8
1535040501673709,24,38,8,-24,-16,-10,-15,-21
1535040501675705,-33,-28,-12,-44,-88,-27,-48,8
1535040501675705,-40,-57,-26,31,49,16,-44,-12
1535040501696769,-34,-17,3,-6,14,-40,-17,-24
1535040501696769,60,28,-13,-40,24,-2,67,57
1535040501697696,-7,13,13,-6,-52,4,-41,-45
1535040501697696,-54,-69,-47,-14,-17,20,8,3
1535040501710799,60,28,17,0,8,4,4,3
1535040501710799,4,19,8,-8,-6,14,84,11
1535040501717755,23,11,-2,-4,-66,-49,-50,-25
1535040501717755,-42,-43,-24,-66,59,-9,19,-14
1535040501733790,-38,-25,-20,-6,-6,-14,-9,-4
1535040501733790,6,-22,-7,-28,-19,9,-21,27
1535040501735675,20,25,8,4,-6,-9,44,13
1535040501735675,-94,-65,-1,48,-63,-8,-23,-5
1535040501756692,74,66,52,23,59,28,-38,22
1535040501756692,-8,-10,-4,-16,-8,56,86,-7
1535040501757659,-14,-4,1,9,16,-15,48,-24
1535040501757659,-13,-42,-11,36,-95,-40,8,8
1535040501770770,-55,-11,-25,-74,-8,18,3,-53
1535040501770770,20,-19,-2,22,38,6,-18,6
1535040501777758,16,11,12,22,24,16,66,-13
1535040501777758,31,6,-9,-29,-25,-16,-47,2
1535040501794695,19,-6,7,72,-38,-23,23,36
1535040501794695,-45,-22,-8,30,68,-5,-119,-20
1535040501807646,-13,-15,-9,-13,-35,23,19,7
1535040501807646,-6,24,5,-3,11,-52,26,3
1535040501816700,-57,-59,-16,-29,-31,65,-3,-3
1535040501816700,13,34,12,-2,-4,-14,-17,36
1535040501817627,34,90,39,45,52,23,37,22
1535040501817627,42,28,5,-9,-34,3,-3,31
1535040501830737,1,0,-12,9,7,-17,16,27
1535040501830737,-127,-117,-51,-17,-36,-22,25,-39
1535040501837733,94,81,61,25,41,67,26,31
1535040501837733,-8,0,3,-13,23,4,-16,3
1535040501853722,-47,-35,-7,4,-20,-29,-22,-6
1535040501853722,-4,-3,-7,-26,-24,16,7,8
1535040501855610,-15,-45,-19,-13,4,-44,-62,-9
1535040501855610,0,-5,-1,-8,17,14,40,-12
1535040501876707,18,8,10,16,6,3,-38,-16
1535040501876707,35,41,11,-14,-62,-36,-20,1
1535040501877592,-22,-28,-14,40,8,-35,-21,1
1535040501877592,-15,-13,-6,-34,55,86,89,7
1535040501890585,16,26,8,-23,23,-13,-50,2
1535040501890585,54,80,31,16,-43,8,71,-4
1535040501897594,-12,-24,-14,-19,-7,-11,30,-4
1535040501897594,-65,-51,-7,12,21,5,57,5
1535040501913685,94,52,17,15,-17,-3,3,24
1535040501913685,-52,-3,11,20,10,28,29,-8
1535040501915576,37,29,-2,-25,-5,-13,-87,-9
1535040501915576,-48,-10,12,21,8,56,23,-7
1535040501943585,-56,-45,-31,11,-37,-90,-63,18
1535040501943585,114,20,19,36,19,2,-28,-31
1535040501945552,-67,-2,-7,7,71,32,100,34
1535040501945552,6,8,8,-2,-33,-24,-38,-63
1535040501950624,-42,-15,-9,-16,-79,5,52,-11
1535040501950624,8,-41,-4,-7,34,24,-22,-7
1535040501957559,-52,-49,-13,23,43,7,-1,45
1535040501957559,93,66,20,5,-13,-16,-8,-33
1535040501973653,-15,-13,-1,-7,-29,5,-21,9
1535040501973653,-112,-80,-22,72,-59,-20,-58,-24
1535040501975537,111,95,44,-45,77,106,111,2
1535040501975537,-68,-66,-16,0,-29,-38,-66,3
1535040501996595,47,2,-1,7,19,20,27,21
1535040501996595,-4,12,-8,-31,-12,-11,-44,-18
1535040501997525,-43,-40,-16,19,-58,-44,-51,5
1535040501997525,-10,-10,-11,8,17,2,-12,-6
1535040502010513,-33,3,2,-23,-6,-22,-17,-35
1535040502010513,58,-5,0,2,10,33,71,32
1535040502019510,3,-26,-9,-1,17,16,6,12
1535040502019510,-13,20,-4,-30,-11,-58,-110,-23
1535040502033619,18,9,-5,2,-21,11,103,52
1535040502033619,-79,-77,-33,-53,11,-27,-33,-22
1535040502035500,54,87,51,79,-14,39,28,2
1535040502035500,41,-6,-21,-17,-32,-11,6,33
1535040502056562,-25,10,7,-11,91,25,-27,-42
1535040502056562,-15,4,-13,-29,5,5,10,17
1535040502058487,-40,-43,-21,-21,-94,-18,-40,1
1535040502058487,-8,9,23,-34,93,-28,19,10
1535040502070478,20,-18,-21,32,58,36,-13,-15
1535040502070478,25,62,17,-24,-5,8,97,-5
1535040502079474,-21,-50,-24,-34,-35,-57,-108,14
1535040502079474,-15,2,-3,26,-56,14,10,-5
1535040502094465,-117,-95,-29,-11,-1,-15,-32,-17
1535040502094465,127,127,65,14,34,-58,-26,49
1535040502095466,-75,-95,-48,-56,5,76,84,-44
1535040502095466,18,35,12,-4,-17,-33,-26,5
1535040502116570,10,12,2,-4,-18,-32,-39,-4
1535040502116570,-65,-80,-22,44,18,-36,-46,-27
1535040502118461,76,51,21,-20,33,-10,40,-3
1535040502118461,53,49,27,15,8,28,13,23
1535040502130518,10,8,-5,52,-13,4,-24,-27
1535040502130518,-42,-24,-14,-34,-31,7,-23,-3
1535040502139443,-3,-16,4,11,56,-50,-58,-13
1535040502139443,-16,-36,-34,8,-11,19,76,18
1535040502153432,40,63,39,47,-10,-15,28,-4
1535040502153432,-19,-20,0,26,83,37,-24,32
1535040502155433,27,5,9,3,19,-5,48,-29
1535040502155433,-54,-19,-21,-22,-23,-15,-43,9
1535040502176528,-8,5,-3,-5,-90,44,49,38
1535040502176528,54,38,19,9,-44,-45,-30,7
1535040502178417,-26,22,12,9,59,3,7,-46
1535040502178417,30,-2,1,12,-8,24,-32,71
1535040502190521,-62,-96,-30,-13,-77,-40,-77,-91
1535040502190521,-21,13,-1,-21,67,27,50,14
1535040502199421,42,39,-7,-11,-28,11,-8,58
1535040502199421,7,8,15,29,23,0,18,-67
1535040502214452,15,8,14,81,-60,-37,-20,5
1535040502214452,-10,-14,-10,-71,64,87,94,9
1535040502215399,-70,-76,-19,8,-39,-55,-91,-2
1535040502215399,61,86,34,4,-6,14,43,26
1535040502236385,72,41,19,13,-41,1,48,30
1535040502236385,-18,5,12,36,70,-1,-74,-21
1535040502238384,-98,-105,-42,-22,-30,-19,-33,-3
1535040502238384,4,-2,2,-9,-43,-7,25,16
1535040502250449,39,70,17,-94,1,-29,63,-5
1535040502250449,-44,-72,-22,111,-20,22,-26,-18
1535040502259387,49,19,-3,-65,66,28,56,31
1535040502259387,-3,-14,-5,-3,13,-3,-33,-16
1535040502274428,7,27,1,-43,21,17,11,29
1535040502274428,-8,-11,-19,-33,-85,-43,-4,31
1535040502275365,29,34,15,45,-41,-25,-37,-37
1535040502275365,-25,-20,-4,9,5,37,84,-32
1535040502296425,-9,32,-1,-18,65,-4,-74,-2
1535040502296425,14,13,7,-15,-96,-21,-17,7
1535040502298352,-21,-15,-8,18,58,4,-24,0
1535040502298352,32,-2,6,0,27,-14,-55,3
1535040502310414,-46,-41,-3,-4,43,30,33,4
1535040502310414,8,12,-9,-14,-12,-18,8,-53
1535040502319339,10,32,14,-2,-64,-7,-7,-7
1535040502319339,-103,-65,-56,-69,-86,-80,-48,-36
1535040502334328,79,10,25,74,127,51,38,2
1535040502334328,18,53,19,-35,4,11,-8,20
1535040502335331,8,16,2,8,-24,2,13,-24
1535040502335331,-5,1,9,-6,-32,-12,-26,-6
1535040502356326,-110,-92,-50,-48,-69,-31,-68,-26
1535040502356326,21,7,-3,-3,48,-8,22,-12
1535040502358318,69,67,25,9,-27,7,16,0
1535040502358318,3,-14,-11,8,9,7,23,26
1535040502370383,-32,-8,-1,-21,4,1,-28,-21
1535040502370383,-23,-31,5,-5,-57,-15,-25,-4
1535040502379305,-61,-23,-30,-15,35,-4,9,15
1535040502379305,8,3,14,13,45,31,6,-35
1535040502394366,54,18,-3,-18,9,-7,48,16
1535040502394366,8,29,-3,-33,-26,-14,-20,6
1535040502395295,-62,-63,-9,-4,-128,-39,-21,-19
1535040502395295,68,76,46,20,116,34,44,33
1535040502416400,-2,-37,-3,-7,30,9,-16,5
1535040502416400,-39,-29,1,0,-16,19,53,-4
1535040502418296,-5,-16,0,-7,-35,-17,33,-1
1535040502418296,-23,-17,-9,28,-12,0,-19,-4
1535040502439375,-8,4,0,-11,-1,0,8,0
1535040502439375,41,36,14,3,12,4,-4,17
1535040502440267,-73,-39,-19,-7,-48,-16,-24,-29
1535040502440267,14,-40,-13,36,4,-5,10,-9
1535040502454333,92,67,25,15,96,81,77,17
1535040502454333,-3,-21,-15,8,22,0,-9,7
1535040502455260,19,23,-2,-22,21,19,9,1
1535040502455260,-35,-35,7,18,-22,-19,-20,22
1535040502476361,-34,-14,-8,-16,-63,-27,-17,6
1535040502476361,6,7,20,41,20,5,7,-32
1535040502478249,13,-5,4,-16,-18,-12,-14,24
1535040502478249,-8,-5,-21,-4,12,4,1,-1
1535040502499308,-28,-13,-3,6,6,9,25,21
1535040502499308,12,-11,-13,-37,-36,-24,-69,13
1535040502500235,13,-8,11,21,-1,21,94,64
1535040502500235,79,70,9,-7,7,-36,-46,-7
1535040502514301,-73,-40,-4,0,11,54,50,57
1535040502514301,19,-3,-13,-21,10,-2,19,-47
1535040502515227,-15,-25,-1,14,-98,-52,-107,-9
1535040502515227,-28,-20,-12,-9,-5,1,5,-53
1535040502536285,-35,9,-1,42,25,-50,-30,-43
1535040502536285,49,-19,3,37,49,5,-29,13
1535040502538212,109,84,42,22,72,126,115,17
1535040502538212,-23,-36,3,49,-100,-47,27,-5
1535040502559320,-33,-55,-38,70,9,-42,-31,-89
1535040502559320,46,53,28,-32,47,81,18,44
1535040502560202,-11,10,-10,-26,-14,-89,-126,-40
1535040502560202,-7,-5,15,20,20,51,66,-14
1535040502574263,0,-24,-7,17,-128,-40,-29,29
1535040502574263,-113,-90,-22,-7,-51,-69,9,-65
1535040502575190,-14,54,24,63,-46,36,59,29
1535040502575190,-14,-20,-3,-47,69,9,-45,-41
1535040502596298,7,-17,19,12,-122,-94,-54,24
1535040502596298,-42,-77,-31,-37,99,111,101,51
1535040502598180,32,2,-19,-89,-21,-128,-128,-58
1535040502598180,-49,32,9,15,-128,12,127,56
1535040502618166,5,5,-4,69,27,52,98,-56
1535040502618166,-16,-1,9,-79,22,-12,5,-30
1535040502626167,31,-17,-17,42,-9,18,22,36
1535040502626167,-14,0,-8,-12,-6,-29,-38,15
1535040502633233,17,27,23,-54,-41,28,36,-35
1535040502633233,0,44,-5,66,-105,-86,76,20
1535040502640228,-49,-70,-5,-27,90,85,57,10
1535040502640228,-7,38,-2,-8,-26,-52,-62,-7
1535040502656260,94,94,26,-57,-12,55,-115,61
1535040502656260,29,-3,-3,35,-33,-26,-13,17
1535040502658143,-46,1,0,-13,116,37,-16,-38
1535040502658143,-20,-60,-21,-45,6,23,50,3
1535040502679207,-6,-6,-7,-43,-32,-58,47,-8
1535040502679207,10,23,0,55,-128,-13,-22,4
1535040502680131,-59,-70,-21,-36,69,12,104,60
1535040502680131,29,10,2,4,1,11,-28,32
1535040502709222,-40,-36,-22,-49,47,-7,56,-13
1535040502709222,7,17,8,-3,-64,-58,-60,14
1535040502710117,-23,-19,-17,70,-102,-13,57,20
1535040502710117,18,-48,-18,-74,63,2,-22,-53
1535040502716184,39,52,49,92,62,58,-44,4
1535040502716184,45,31,21,-44,94,77,98,-31
1535040502718110,10,25,7,54,1,2,-60,15
1535040502718110,18,-3,-17,-29,-69,-32,-29,34
1535040502739213,-121,-126,-67,-12,-42,15,0,-20
1535040502739213,29,42,69,38,78,-22,-122,-24
1535040502740097,-1,2,2,-2,2,18,74,-74
1535040502740097,-26,-2,0,-1,-37,11,14,-41
1535040502761159,-34,-49,-14,2,-67,-76,9,2
1535040502761159,-76,-58,-39,16,10,66,60,1
1535040502763085,66,59,23,-99,10,37,99,89
1535040502763085,-28,-25,-14,42,34,-102,-5,23
1535040502776184,27,25,8,-43,-29,-52,-14,43
1535040502776184,-48,-47,-33,80,85,71,21,-6
1535040502778077,-7,-21,24,75,1,-83,-118,-25
1535040502778077,23,10,12,17,75,127,74,27
1535040502799137,7,-16,-34,-46,-53,-82,-33,18
1535040502799137,-11,1,-8,-36,-70,-39,72,23
1535040502800065,-21,-38,-6,-14,-87,-7,-28,-38
1535040502800065,-26,-5,31,27,-18,40,3,7
1535040502813173,73,68,68,120,-48,77,127,96
1535040502813173,-17,-39,-41,-105,26,-49,-92,-28
1535040502820168,-22,-19,-3,-2,-68,-4,-63,25
1535040502820168,-15,-13,-10,-48,-90,-7,-10,-50
1535040502836157,-23,-19,-16,-34,63,48,22,-84
1535040502836157,-71,-76,3,-5,-128,-86,-102,14
1535040502838040,87,77,24,18,88,27,88,-52
1535040502838040,-31,-27,-34,-30,42,-55,-101,-26
1535040502859147,10,11,15,-36,28,93,67,-1
1535040502859147,-25,-15,-10,-5,-29,-66,-25,11
1535040502861026,8,-11,-22,-20,-26,31,95,-28
1535040502861026,26,28,7,-7,-127,-37,-51,-5
1535040502873058,6,13,17,24,70,-20,-87,-27
1535040502873058,32,32,19,70,-94,-23,-60,-42
1535040502880135,-89,-60,-65,-107,48,-18,22,-22
1535040502880135,56,23,29,47,15,0,58,-2
1535040502897008,-34,-64,-22,-4,12,64,72,-12
1535040502897008,32,7,0,1,-49,4,11,11
1535040502898005,-75,-29,0,61,-17,-17,-84,-22
1535040502898005,62,31,-1,-15,8,4,19,16
1535040502919068,-23,16,6,-28,47,15,56,36
1535040502919068,20,8,-19,-38,-51,-32,52,-40
1535040502920994,20,-26,18,76,-19,44,79,41
1535040502920994,25,60,13,-40,101,12,-18,-36
1535040502932997,-13,-8,0,4,-73,-63,-39,-6
1535040502932997,-32,-29,-19,45,-57,35,34,52
1535040502941984,82,50,23,-4,79,55,64,73
1535040502941984,-58,-40,6,33,-116,-28,66,43
1535040502956045,20,17,20,107,-59,-25,-89,-14
1535040502956045,-16,16,-2,-41,80,7,61,-30
1535040502957972,-38,-39,-26,-85,-80,-45,-104,-55
1535040502957972,0,5,6,6,93,88,99,19
1535040502979031,14,11,-28,-64,-1,-18,62,26
1535040502979031,-9,-12,23,54,-17,45,127,25
1535040502980960,-48,-23,-9,-8,-66,-34,22,-29
1535040502980960,-14,-67,-13,22,27,70,67,50
1535040502993008,88,81,50,-12,2,-47,-71,-32
1535040502993008,58,64,11,-4,-40,7,-25,-64
1535040503001946,-30,-27,-9,5,-42,-62,-128,-7
1535040503001946,-54,-55,-17,93,36,-14,18,-30
1535040503024005,-19,-16,-13,-25,20,60,113,94
1535040503024005,-98,-68,-23,-80,4,-50,-122,-55
1535040503025932,85,99,53,127,-96,-25,15,-17
1535040503025932,10,0,11,-43,30,-22,-31,28
1535040503038998,-18,-13,-15,-3,127,57,-56,-11
1535040503038998,9,30,6,0,4,42,11,29
1535040503040923,-13,-26,-11,-15,-57,-11,79,53
1535040503040923,-33,-13,0,29,-125,-52,-118,-24
1535040503053030,31,39,15,57,-42,-112,-27,-64
1535040503053030,47,5,-13,-70,41,47,32,41
1535040503061929,17,4,-8,-7,-4,39,11,2
1535040503061929,1,16,3,-17,-117,-81,-98,-2
1535040503076961,-79,-95,-30,3,3,-12,-20,-9
1535040503076961,103,84,34,79,125,-4,-63,-6
1535040503077904,105,110,40,3,28,32,112,-7
1535040503077904,25,9,0,-12,-9,-19,-62,36
1535040503098895,-33,-38,-30,-54,-57,-66,-99,-6
1535040503098895,-62,-50,-26,-21,-109,-65,-22,4
1535040503100890,-46,-40,21,84,-71,-107,-85,15
1535040503100890,-33,7,21,-7,105,120,127,32
1535040503121951,66,34,-4,-57,19,70,69,71
1535040503121951,-21,-17,-28,-49,-71,-55,66,30
1535040503122877,-6,-4,27,25,-60,-12,-27,13
1535040503122877,-43,-18,1,68,-128,-128,-104,-106
1535040503135945,-58,-94,-37,71,111,117,127,79
1535040503135945,52,72,40,7,-95,40,96,-1
1535040503142972,-23,-38,-44,-75,-49,-41,-97,6
1535040503142972,17,5,-7,-20,-33,14,38,13
1535040503158929,-46,-33,-5,-40,-74,-38,-17,-42
1535040503158929,15,-1,11,37,58,28,31,-26
1535040503160871,7,-12,-7,46,97,37,-22,23
1535040503160871,-12,4,-16,-61,2,-57,-64,-76
1535040503172881,22,33,14,10,-2,-4,91,-56
1535040503172881,-26,-23,-8,7,-11,-2,-23,-4
1535040503181843,-20,-7,6,72,44,-77,-70,-19
1535040503181843,15,23,9,36,90,59,-64,-33
1535040503196872,24,44,16,-18,-30,14,48,24
1535040503196872,-8,0,-5,5,25,-14,-16,-9
1535040503197834,-32,-31,-13,-6,-74,38,120,3
1535040503197834,-15,-36,-16,-14,-30,-19,79,-18
1535040503226861,32,22,7,-69,49,-41,-50,-54
1535040503226861,29,-11,-8,-60,62,23,-3,96
1535040503227833,-13,-10,-12,-27,15,42,76,-18
1535040503227833,-19,-13,-11,-19,17,-13,53,13
1535040503232814,-48,-75,-20,-16,-82,-8,38,24
1535040503232814,43,45,32,34,-114,-44,-104,-4
1535040503247807,29,20,-13,-126,57,38,44,50
1535040503247807,3,3,-8,-92,19,11,86,40
1535040503256874,-36,-8,-2,17,-26,-34,-113,-56
1535040503256874,-57,-45,-17,75,-21,1,58,-13
1535040503257801,-52,-73,-28,-84,-93,-28,-101,-26
1535040503257801,40,71,42,13,83,29,68,67
1535040503278862,-15,-36,-19,-9,-41,-36,-20,-53
1535040503278862,-20,-12,8,1,21,12,52,1
1535040503280788,4,21,5,-6,-32,-30,-17,-12
1535040503280788,-7,-15,7,52,-121,38,79,55
1535040503292894,25,22,-6,-7,117,37,11,39
1535040503292894,8,16,-26,-57,-44,2,-46,29
1535040503301775,-39,-20,3,10,-26,-34,-40,-27
1535040503301775,9,-4,15,39,8,19,-37,51
1535040503315879,9,24,19,12,-78,4,64,4
1535040503315879,-5,-14,11,30,30,-33,-109,-31
1535040503322837,21,10,-15,2,69,-17,61,20
1535040503322837,-27,-28,-38,-31,-23,-20,-22,-63
1535040503338866,7,15,10,18,-23,1,-33,-24
1535040503338866,-18,-16,6,-33,-3,-13,49,-16
1535040503340768,9,2,10,-13,-3,41,22,-3
1535040503340768,-41,-22,-5,67,-100,12,5,-32
1535040503352820,44,38,-3,-86,93,19,21,33
1535040503352820,-10,-6,1,10,-6,-13,-46,-30
1535040503361743,-8,-1,-7,-1,-18,-1,49,6
1535040503361743,11,-10,-13,-9,-32,16,22,3
1535040503376844,-26,-15,-16,1,-89,-55,-35,-2
1535040503376844,-15,-9,4,13,15,-4,22,-14
1535040503377732,13,3,19,-9,18,9,-19,-17
1535040503377732,-43,-38,7,27,76,36,-24,-4
1535040503398738,75,75,41,-10,-57,-4,38,4
1535040503398738,-16,5,5,-22,127,20,31,5
1535040503400721,-18,-37,-10,22,-9,-37,-102,1
1535040503400721,-64,-47,1,28,-19,16,31,-21
1535040503421780,72,71,29,8,-35,4,28,-26
1535040503421780,41,18,6,24,-22,16,60,14
1535040503427702,26,14,4,28,-35,28,64,26
1535040503427702,-11,-2,-19,-30,54,-44,-48,-6
1535040503435713,-108,-81,-15,-8,-83,34,-116,-46
1535040503435713,-120,-89,-101,-77,-128,-85,-64,-32
1535040503442708,104,81,45,-31,127,81,73,-23
1535040503442708,49,-9,16,14,-128,-58,-20,47
1535040503458758,-34,-6,-17,55,120,77,30,3
1535040503458758,-7,-29,-3,-17,-61,-4,-42,19
1535040503460687,-78,-44,-36,-6,-74,-66,-38,-42
1535040503460687,18,20,-15,22,9,11,54,-8
1535040503481746,-3,-23,-2,-2,47,-22,20,5
1535040503481746,2,2,15,3,2,-3,20,7
1535040503482671,-4,-12,14,39,42,-8,-65,-12
1535040503482671,39,41,10,4,-58,-8,63,5
1535040503495738,-29,-31,-13,10,19,34,83,33
1535040503495738,86,62,12,17,45,-32,30,-32
1535040503502735,-22,-5,1,-26,-37,6,18,0
1535040503502735,4,-4,-12,-20,-1,-9,-66,-22
1535040503518657,-22,-46,-14,4,-36,-14,10,3
1535040503518657,16,59,45,12,-43,43,25,35
1535040503520649,5,-42,-8,22,-54,-10,15,7
1535040503520649,22,25,-8,-52,127,45,15,-31
1535040503541712,12,-1,-3,-11,-25,-22,27,29
1535040503541712,-9,-13,11,10,-14,9,-27,-38
1535040503542635,-28,-6,-3,52,-82,-19,-1,-3
1535040503542635,-25,-18,-28,-122,-18,-56,-76,4
1535040503555742,3,46,19,34,-35,67,46,42
1535040503555742,36,-5,-16,20,20,13,93,7
1535040503562625,-2,-6,0,-24,33,19,-35,4
1535040503562625,-11,-9,-14,-33,-45,-66,-61,-43
1535040503578647,-36,-55,0,28,18,-34,-60,-26
1535040503578647,41,31,7,-53,6,45,90,-16
1535040503580615,7,9,-1,-8,36,42,41,49
1535040503580615,-10,-5,-2,-12,-35,22,-1,-15
1535040503601716,1,-12,1,7,11,-57,-73,-7
1535040503601716,-15,-10,6,37,11,13,-25,10
1535040503603605,3,-4,-9,-22,-8,2,59,-9
1535040503603605,-5,-6,17,32,30,2,-73,24
1535040503615630,6,1,-1,-19,-45,-33,4,-15
1535040503615630,-40,-11,27,32,0,-19,-35,26
1535040503622664,-95,-64,-44,-28,43,23,-5,-56
1535040503622664,126,109,50,43,18,34,44,24
1535040503638695,-15,1,-5,5,-73,-30,22,-6
1535040503638695,-56,-66,-28,-43,58,20,-32,2
1535040503640584,-9,-9,-5,-7,-35,-5,28,34
1535040503640584,-37,-26,1,4,-12,-25,-48,0
1535040503661690,2,-7,-1,22,-44,3,-24,6
1535040503661690,18,13,-14,-29,41,-3,33,-6
1535040503663567,7,5,-31,-10,4,-6,-17,-13
1535040503663567,3,-7,19,18,25,23,61,23
1535040503675636,26,27,13,-34,-32,-31,-68,-28
1535040503675636,-11,-18,31,66,-16,-6,-11,-4
1535040503682676,25,30,-2,16,37,22,13,-7
1535040503682676,-5,-24,-21,-18,-4,7,25,19
1535040503698623,-8,-6,-12,-26,-16,-8,-7,1
1535040503698623,-4,7,17,40,14,8,-28,-16
1535040503700546,12,9,10,-12,-59,-27,21,8
1535040503700546,-61,-76,-22,43,19,14,-16,-19
1535040503721647,81,81,24,-13,55,-24,9,9
1535040503721647,-20,-26,-30,-29,5,37,51,19
1535040503722536,20,20,20,-2,-26,-34,-48,-2
1535040503722536,-14,-14,18,10,-71,-34,-31,3
1535040503735597,-39,-57,-42,-28,92,68,60,-10
1535040503735597,80,82,24,-7,-23,-26,-26,16
1535040503742596,0,-3,-4,8,29,8,1,-13
1535040503742596,16,19,-4,-41,-24,1,28,44
1535040503758533,-31,-22,-11,-34,-41,-22,-23,-15
1535040503758533,-8,-2,26,47,-12,-12,-23,-15
1535040503766508,-1,-3,16,24,42,32,14,8
1535040503766508,16,19,2,17,27,7,-7,-8
1535040503781612,-8,-7,-7,9,-21,-10,0,10
1535040503781612,-21,-37,-28,-4,12,9,-4,2
1535040503782502,-9,-7,-9,-12,-16,-30,-27,-5
1535040503782502,-31,-7,-2,-2,-80,27,76,7
1535040503795571,106,88,38,69,106,6,-25,25
1535040503795571,-36,-32,-21,-25,-22,-50,-48,-12
1535040503802601,8,20,30,18,42,37,20,-17
1535040503802601,-13,-8,-22,-32,-33,-61,-21,-18
1535040503818593,-29,-20,7,34,37,32,56,-4
1535040503818593,9,18,2,-8,-46,28,30,6
1535040503820479,17,-16,2,45,5,-27,17,4
1535040503820479,-77,-54,-41,-80,-24,-17,-113,-45
1535040503841540,71,59,24,23,16,30,81,38
1535040503841540,-4,-30,-35,-32,-9,2,7,3
1535040503843463,-17,-2,26,-19,16,1,-7,-9
1535040503843463,26,0,5,60,-68,-13,13,-5
1535040503855570,-47,-34,-19,-67,76,26,19,-26
1535040503855570,-36,-23,-1,-10,4,-25,-38,6
1535040503862469,29,5,-19,-13,-40,-4,-2,-2
1535040503862469,17,15,2,11,63,-7,-1,-5
1535040503878478,-15,-10,22,40,-77,21,50,10
1535040503878478,-44,-63,-62,-92,-16,-81,-55,-31
1535040503880443,37,70,62,82,101,100,75,15
1535040503880443,49,10,0,-7,73,-19,-57,-1
1535040503901446,-18,-37,0,-36,-101,-10,-12,38
1535040503901446,-4,-18,-40,-66,34,-8,-53,-36
1535040503903433,-16,-13,10,8,-40,-25,-14,1
1535040503903433,16,18,23,29,63,78,42,42
1535040503915489,-18,24,4,-1,-67,-77,-36,-18
1535040503915489,3,5,27,30,-121,47,9,26
1535040503924421,-15,-31,-39,-41,39,-110,5,-26
1535040503924421,-52,-44,8,16,12,64,45,0
1535040503946480,47,21,5,22,-5,-50,-18,-2
1535040503946480,12,46,32,26,-30,20,112,18
1535040503948404,26,23,-6,11,-29,48,77,29
1535040503948404,26,15,-4,35,68,-47,-43,18
1535040503961396,-1,-54,-16,28,60,112,53,19
1535040503961396,5,14,-5,14,7,-68,4,-25
1535040503963395,-9,0,4,8,-56,-18,-34,24
1535040503963395,-51,-32,-36,-56,-60,-57,-41,-58
1535040503975506,-16,-23,-10,3,-16,28,27,4
1535040503975506,20,-32,1,17,53,84,95,-1
1535040503984386,-14,1,-1,0,-9,-8,-43,-32
1535040503984386,45,38,48,7,10,12,36,28
1535040503999375,-13,8,-21,6,-13,-31,-72,-18
1535040503999375,13,8,20,55,61,5,-69,3
1535040504000374,-16,-14,11,-21,27,-5,35,4
1535040504000374,21,32,-4,-7,9,12,25,-36
1535040504021476,-22,4,0,-7,-25,-55,-35,-19
1535040504021476,-33,-16,-8,3,-19,7,-45,-20
1535040504023377,-72,-69,-55,-36,-44,-19,-10,22
1535040504023377,76,64,23,31,42,24,8,32
1535040504044413,-23,-30,-12,-68,-15,-40,-57,3
1535040504044413,12,18,13,12,44,45,6,5
1535040504045349,-21,-31,-26,-16,-27,-22,-8,-7
1535040504045349,-15,-17,-23,-10,-11,-49,32,-6
1535040504059380,-6,-19,20,50,2,-65,-113,58
1535040504059380,10,3,21,-12,61,72,58,80
1535040504060340,24,43,21,13,-4,12,-50,71
1535040504060340,-18,-22,-25,-19,-20,-27,17,127
1535040504082396,-1,-3,-20,-18,-32,0,-39,113
1535040504082396,-3,-4,22,31,-28,-37,43,127
1535040504083329,-1,0,-4,0,-24,28,34,127
1535040504083329,-39,-37,-21,-11,23,18,41,2
1535040504095320,38,9,-1,-34,10,-9,95,-29
1535040504095320,1,0,-8,0,-17,-13,3,-85
1535040504104331,10,7,-4,18,-33,-9,3,-128
1535040504104331,-51,-76,-21,16,55,66,40,-77
1535040504119419,61,93,60,22,17,1,-62,-61
1535040504119419,10,-10,7,18,-9,-53,-40,-73
1535040504120305,12,-1,-5,-36,-12,-15,-16,-81
1535040504120305,11,19,12,10,-59,1,-8,-86
1535040504149353,-22,-17,-26,4,16,25,-13,-111
1535040504149353,22,5,34,69,-50,15,0,-68
1535040504150288,-70,8,-10,1,125,-17,-62,-68
1535040504150288,64,44,23,-14,-3,17,63,-53
1535040504164393,-30,-41,-20,-26,-13,24,103,-53
1535040504164393,-9,21,-7,-17,-8,-81,-38,-37
1535040504165280,-42,-46,-20,-13,-32,19,51,-34
1535040504165280,33,15,1,-10,-1,27,53,-17
1535040504179380,-18,-3,-3,27,-2,1,20,-22
1535040504179380,-9,-32,-4,-20,-3,11,2,-15
1535040504180272,20,28,25,-4,1,-17,-78,-12
1535040504180272,-11,-11,-58,-8,-7,-9,-21,1
1535040504201331,-9,-18,17,-1,-13,-20,-37,-15
1535040504201331,-13,-24,-3,-13,-18,0,17,-8
1535040504203261,83,87,94,36,86,20,-33,-2
1535040504203261,-58,-38,10,29,-42,4,11,-1
1535040504224356,4,-6,-26,4,37,90,103,-12
1535040504224356,2,-14,-29,-26,-32,-63,-26,-3
1535040504225246,-6,-42,-35,-38,-22,14,10,0
1535040504225246,6,39,18,0,-4,-2,-17,0
1535040504239350,-17,-12,-4,-28,-33,-14,-68,-7
1535040504239350,-12,9,1,11,95,49,23,0
1535040504240237,7,-28,-18,7,-30,-14,-23,-2
1535040504240237,0,11,12,-2,16,-5,-33,-1
1535040504261344,-18,-21,0,7,26,-8,30,-3
1535040504261344,13,24,-4,4,-37,-11,-74,-2
1535040504263224,-7,-37,-48,-35,26,5,64,-3
1535040504263224,24,30,56,9,35,56,28,0
1535040504284287,-1,40,17,-7,-41,-40,90,-3
1535040504284287,0,4,-4,2,5,12,20,-1
1535040504285211,7,4,-5,12,-9,14,66,-2
1535040504285211,-11,-33,-20,-14,-19,-4,3,1
1535040504299279,-21,0,0,0,8,-27,-102,-3
1535040504299279,25,-5,-6,-6,-27,47,104,-2
1535040504300203,3,4,-7,3,30,-33,-53,0
1535040504300203,21,17,10,-9,-10,-27,-17,0
1535040504321301,-27,-14,1,7,-10,-24,-57,-3
1535040504321301,-5,0,-10,-11,20,18,11,-1
1535040504323206,16,6,20,-5,-45,-7,18,0
1535040504323206,-10,-15,0,-15,-13,-39,-31,0
1535040504351190,-2,-3,-4,63,32,8,8,-2
1535040504351190,-3,6,5,-30,18,13,-11,0
1535040504353175,1,-17,-19,-12,-17,5,20,-1
1535040504353175,-12,3,-9,-5,-6,-21,-27,-1
1535040504359170,3,-18,-18,-18,-16,4,1,-1
1535040504359170,-5,-2,-8,-9,-9,-5,-16,-1
1535040504360169,-9,0,24,25,5,-2,-32,-43
1535040504360169,1,7,-2,-2,-2,-2,11,-8
1535040504381229,8,5,-2,-9,1,7,0,-51
1535040504381229,-10,-12,-12,-9,-4,-19,-11,-50
1535040504383171,0,-4,-1,10,3,10,-6,-48
1535040504383171,1,4,-3,19,1,5,17,-36
1535040504404264,14,-5,17,-7,2,-4,-5,-29
1535040504404264,-3,12,12,18,10,-5,-18,-14
1535040504405142,0,-5,-7,-15,-19,7,15,16
1535040504405142,3,-2,-5,-7,2,-3,-6,-5
1535040504418210,-5,-4,-11,3,4,-6,-14,0
1535040504418210,0,2,-7,-7,-9,-7,5,-34
1535040504425149,9,11,21,3,-7,-1,3,-29
1535040504425149,-2,-1,4,9,12,5,6,-22
1535040504441138,-3,-3,-7,-15,2,9,3,0
1535040504441138,0,1,-2,-9,-17,-8,8,12
1535040504443124,-2,-9,-22,16,0,41,-4,11
1535040504443124,-4,4,7,-26,46,-32,-16,17
1535040504471219,0,-3,14,27,-24,-1,7,11
1535040504471219,4,11,17,23,4,-10,-19,13
1535040504473107,2,7,-10,-4,-10,0,22,8
1535040504473107,-3,-12,-10,-9,-13,7,0,22
1535040504478173,-4,-6,-14,-22,3,-1,2,17
1535040504478173,-6,-5,-19,-20,-4,-7,0,25
1535040504485169,11,21,27,7,6,-1,-13,17
1535040504485169,1,0,1,9,-7,7,9,-4
1535040504501160,-2,-3,-2,-6,6,-10,-2,0
1535040504501160,-1,-4,-1,10,1,7,-3,6
1535040504503087,-12,-7,-10,-9,-10,-10,-3,-3
1535040504503087,4,-5,-12,-6,0,6,3,-5
1535040504524076,1,2,7,3,4,5,-1,7
1535040504524076,-1,7,16,36,22,-2,-3,-17
1535040504525077,-4,7,-2,-6,10,16,2,-3
1535040504525077,11,0,9,10,-9,-41,-4,25
1535040504538183,-10,-7,-10,-34,-15,-6,5,6
1535040504538183,-3,-6,3,-6,-14,-4,0,8
1535040504545137,29,-1,-8,-4,8,-1,-11,14
1535040504545137,-27,10,6,4,-2,37,-1,-39
1535040504561128,23,2,-1,-10,-1,-17,7,45
1535040504561128,-8,-3,-7,-5,2,-35,-2,-24
1535040504563052,5,-6,-3,-2,-8,1,-5,25
1535040504563052,0,-5,-7,-11,-7,-1,-4,5
1535040504584115,4,-5,-5,-2,0,6,-2,-4
1535040504584115,-16,-1,-14,-11,-1,12,0,-9
1535040504585043,9,9,22,28,3,-14,1,10
1535040504585043,9,-1,1,7,-9,-8,4,10
1535040504598034,-9,3,5,5,15,21,-1,-21
1535040504598034,6,-4,-6,-12,-22,0,-5,15
1535040504607029,-7,4,-8,-23,10,-24,6,-17
1535040504607029,41,12,11,13,4,20,3,27
1535040504621137,-33,0,-6,1,-2,-22,-9,25
1535040504621137,3,-4,11,14,1,8,-1,-26
1535040504623020,-6,-5,4,7,-3,3,-7,34
1535040504623020,-15,-12,-14,-3,15,17,4,-31
1535040504644081,15,6,-8,-5,-40,-4,9,-14
1535040504644081,-34,-2,2,-2,-16,-6,-1,37
1535040504645021,48,5,0,-5,-12,4,-4,-12
1535040504645021,-61,-16,-10,1,-10,-9,-8,25
1535040504657997,12,-11,-6,-9,42,-8,-22,-87
1535040504657997,14,9,-9,-10,1,13,23,32
1535040504672988,-21,-10,15,27,70,32,6,-9
1535040504672988,67,9,0,-6,-48,-49,-9,-36
1535040504681985,-55,7,4,4,2,-13,21,79
1535040504681985,20,-18,-14,-29,-8,-38,-36,-14
1535040504682986,-24,-2,-7,-4,53,10,9,-71
1535040504682986,-65,-11,-7,-13,-25,-52,-16,39
1535040504704084,61,7,9,25,59,97,5,-92
1535040504704084,-30,13,21,20,21,53,21,47
1535040504705970,-1,-6,-3,-6,-27,-2,-4,39
1535040504705970,7,0,-2,-8,12,33,-1,-33
1535040504718031,8,-14,-19,-13,-43,-68,-20,-36
1535040504718031,-2,19,11,6,3,13,0,8
1535040504726958,-9,-2,-7,-9,-8,-19,1,24
1535040504726958,-12,-16,-1,8,6,-14,-5,3
1535040504741059,-24,4,1,-2,-2,10,8,25
1535040504741059,34,6,3,6,17,16,14,0
1535040504742950,4,8,-2,-7,-34,-32,-9,-14
1535040504742950,4,1,-6,-8,-1,15,3,21
1535040504764010,15,-8,3,2,-1,10,2,41
1535040504764010,-10,-6,-2,-3,-4,-35,-4,-26
1535040504765935,-18,-7,-9,-5,-27,7,-5,3
1535040504765935,32,9,4,3,10,19,7,21
1535040504778033,-6,-6,-3,-4,-2,-5,1,0
1535040504778033,-3,-1,3,7,-1,-5,-10,-22
1535040504786927,7,2,1,-4,-19,4,-8,11
1535040504786927,-1,0,4,2,17,-31,0,-13
1535040504801946,-29,-4,0,-2,-2,-2,-3,-8
1535040504801946,17,1,-5,-3,-3,18,3,-5
1535040504802915,5,-3,-4,-2,-15,-8,3,33
1535040504802915,-8,-1,1,-1,-4,-5,0,-15
1535040504823918,-3,3,-2,-3,-7,-4,-1,12
1535040504823918,4,2,-1,1,4,15,2,3
1535040504825901,-4,1,-1,-3,-2,0,1,-60
1535040504825901,10,-1,-3,-3,0,0,-8,50
1535040504838002,-22,-6,0,0,-3,26,3,23
1535040504838002,-21,-9,-2,0,1,-36,-11,-28
1535040504846892,-2,-1,-1,-1,-6,-23,-4,0
1535040504846892,-7,-1,-1,-2,-1,43,6,11
1535040504861885,27,3,1,2,-12,1,1,-9
1535040504861885,1,-3,-2,-5,4,-19,-1,-2
1535040504862882,-12,-4,-2,1,-9,-9,-12,0
1535040504862882,-5,-2,-1,-2,9,32,6,-17
1535040504883984,7,-6,2,1,-7,-28,-4,8
1535040504883984,1,-4,0,2,-1,35,11,9
1535040504885883,1,-3,-2,-6,-25,-47,-8,-8
1535040504885883,7,3,1,0,-5,-11,1,13
1535040504897876,-6,0,-2,-2,0,9,-1,-9
1535040504897876,-3,2,-2,-1,-4,-14,-3,-10
1535040504912963,1,-1,-4,0,7,11,3,17
1535040504912963,-2,3,2,3,-2,4,-1,-20
1535040504920961,-4,3,1,0,-2,-7,1,12
1535040504920961,3,1,0,0,4,2,-2,9
1535040504922845,4,0,1,-3,-1,14,1,9
1535040504922845,-4,-2,-1,-2,-2,-5,0,-18
1535040504943909,-1,-4,-2,-3,6,1,0,-4
1535040504943909,11,3,2,0,-3,-1,2,10
1535040504945836,-7,0,-3,-1,4,6,1,-2
1535040504945836,3,1,-1,-1,-2,-5,2,-8
1535040504967853,-1,-2,0,-3,0,-8,0,20
1535040504967853,-1,-2,0,-2,-4,0,-3,-1
1535040504969822,-7,-4,-2,-3,0,-2,2,6
1535040504969822,1,-1,-1,0,3,1,1,-5
1535040504981887,5,4,2,-1,2,5,1,3
1535040504981887,2,-3,-3,-3,-2,-5,-2,-1
1535040504987809,-4,-4,-1,0,4,7,0,8
1535040504987809,-4,-1,-1,-3,-2,1,0,3
1535040505003913,-10,-6,-4,0,-2,-8,-6,-25
1535040505003913,-11,2,0,-1,-2,-1,0,0
1535040505005799,0,1,-1,-2,-1,1,-1,-14
1535040505005799,10,3,0,0,-1,0,3,10
1535040505017863,1,1,1,-1,-3,-3,-3,-4
1535040505017863,9,5,0,0,0,-1,-2,4
1535040505026789,-10,-3,-2,-2,0,2,-3,-12
1535040505026789,-4,-3,-3,0,1,-3,-2,-4
1535040505048892,0,-3,-1,1,0,2,0,-3
1535040505048892,3,0,-1,-1,0,2,0,-1
1535040505050789,2,1,1,-2,-1,3,2,10
1535040505050789,-4,3,1,-1,0,-3,-2,-9
1535040505063837,2,1,0,0,1,1,0,-3
1535040505063837,-1,-4,-4,0,-1,-5,-1,5
1535040505065767,-6,-4,-3,0,-2,13,-2,7
1535040505065767,-2,-2,-1,-1,0,-1,0,-8
1535040505077878,2,-2,-5,0,0,-2,-2,4
1535040505077878,-3,0,3,1,-1,-5,0,3
1535040505086768,4,0,2,5,-1,0,0,-15
1535040505086768,4,1,-1,1,-2,-1,-1,24
1535040505101818,-2,0,1,-4,-1,0,-1,-1
1535040505101818,1,0,-4,-3,-3,-3,0,-5
1535040505102743,-3,1,-1,-1,2,-3,-1,-1
1535040505102743,0,2,1,0,-1,1,0,-5
1535040505123845,3,-1,1,2,-1,-2,2,7
1535040505123845,1,-5,0,-3,-3,1,-2,-3
1535040505125730,6,-2,-4,-2,-1,-1,1,14
1535040505125730,-15,-4,-1,1,-1,-4,-6,-20
1535040505137723,0,-1,-3,0,1,2,-1,5
1535040505137723,-6,-1,-1,-1,1,-7,1,-2
1535040505162726,5,3,-1,0,-3,10,3,9
1535040505162726,-3,1,1,-3,-3,-3,0,11
1535040505163711,-6,-1,-1,-2,-2,-1,-3,-18
1535040505163711,5,3,1,2,0,-4,-3,8
1535040505168735,3,0,-2,-2,0,-10,1,-6
1535040505168735,-1,-6,-5,-5,0,4,0,-9
1535040505184804,2,1,2,4,2,1,0,13
1535040505184804,-6,-6,-1,-1,-2,3,-2,0
1535040505189727,-3,-2,3,0,2,-4,-2,3
1535040505189727,0,-3,-3,0,-1,-1,0,-5
1535040505197807,1,2,-2,-3,0,0,-2,0
1535040505197807,-2,-1,-4,-2,-4,1,-1,-4
1535040505206684,-4,-2,-1,-2,-3,-1,-3,9
1535040505206684,2,0,0,1,0,-4,-1,-8
1535040505221675,0,4,0,-1,-2,-1,0,5
1535040505221675,-9,4,-2,3,-1,5,1,-13
1535040505222674,6,2,-3,-2,1,-10,1,-2
1535040505222674,-5,-1,2,1,-2,4,-2,-2
1535040505243776,5,-7,0,-1,-2,-1,0,5
1535040505243776,7,-5,0,-1,-2,3,1,7
1535040505245677,-10,-6,-2,-1,0,-5,-2,-5
1535040505245677,1,1,0,-2,-1,-2,0,1
1535040505257726,0,3,2,-1,-2,3,1,-3
1535040505257726,-1,-1,-1,-2,-2,-7,-3,0
1535040505272759,1,-5,-2,-2,-4,-4,-4,0
1535040505272759,-10,-3,-2,-2,-1,9,-2,-11
1535040505281752,8,-2,-2,-1,-3,0,-1,5
1535040505281752,-4,-1,0,-4,2,4,2,-3
1535040505282639,7,6,2,-1,0,-1,2,9
1535040505282639,-1,-1,-3,-4,-1,-4,-1,-13
1535040505303629,-11,1,-3,-2,-3,-4,-2,9
1535040505303629,2,1,-2,6,-2,-3,-3,-1
1535040505303629,-3,1,2,-4,1,2,-3,-6
1535040505303629,1,0,1,1,0,-3,-1,1
1535040505325652,1,-1,-3,-1,-1,1,3,4
1535040505325652,3,-2,2,1,1,-1,0,0
1535040505326618,-3,-1,-2,-2,-1,4,-1,-3
1535040505326618,2,1,-2,-2,-1,-6,2,15
1535040505340724,-2,-6,-1,-4,-2,12,-2,-7
1535040505340724,1,-2,-2,-2,-1,1,2,2
1535040505341622,-7,-3,0,3,0,-1,-2,-2
1535040505341622,-2,0,1,2,-1,-3,-3,-30
1535040505363594,4,3,-1,2,0,-5,0,12
1535040505363594,-6,-1,-1,-2,-2,0,-2,-8
1535040505363594,-4,-2,-2,-1,-1,4,-1,-30
1535040505363594,9,0,3,1,-1,-2,5,46
1535040505385672,-8,-3,0,-2,-2,-7,-6,-12
1535040505385672,2,3,1,-2,1,2,0,6
1535040505386580,-1,-1,0,-2,-1,-3,-2,-18
1535040505386580,-4,-5,-1,-2,-2,-5,-6,4
1535040505400686,-1,-3,0,-2,0,2,2,-14
1535040505400686,0,-4,-2,-2,0,0,1,15
1535040505401574,-3,1,-1,0,-1,1,-2,-5
1535040505401574,-1,-3,-1,0,0,0,-1,-8
1535040505423671,-1,0,-1,0,0,-2,-1,5
1535040505423671,-3,2,0,-1,-3,-3,-2,-13
1535040505423671,0,2,-2,2,-1,-2,2,1
1535040505423671,3,0,-1,-1,-2,1,1,1
1535040505445624,-4,-1,2,-1,0,-7,-6,-5
1535040505445624,-5,0,-2,-1,-1,3,0,-1
1535040505446549,6,-1,-1,0,-2,-2,0,14
1535040505446549,-1,1,-1,-2,-2,1,-1,2
1535040505460652,-2,-3,-1,2,2,-5,1,-6
1535040505460652,-2,-3,1,-2,-2,0,-6,-10
1535040505461538,-3,-4,-4,-2,0,1,2,27
1535040505461538,-2,3,-5,1,-1,-2,1,-8
1535040505483600,0,8,0,4,0,-3,1,1
1535040505483600,0,2,-1,3,0,1,0,-4
1535040505483600,-3,-2,1,4,-1,-4,1,-4
1535040505483600,1,-5,-1,3,0,-1,-3,-3
1535040505505626,-4,-8,-2,3,-1,-1,-1,-6
1535040505505626,9,-3,-1,-1,-1,-2,0,15
1535040505506514,-5,-1,-1,-4,-2,2,-3,-8
1535040505506514,-5,-3,-2,-9,-1,-4,-2,-10
1535040505520579,0,4,3,-5,-1,2,-1,-7
1535040505520579,-2,0,-2,-5,-3,-5,1,2
1535040505521504,-10,-1,-4,-2,-2,-5,-6,-2
1535040505521504,6,2,-3,-8,-1,-2,1,12
1535040505543565,2,-1,0,-3,-1,-2,2,5
1535040505543565,-11,-12,-3,-3,-3,-3,-7,-38
1535040505543565,2,-3,-1,-4,-2,-5,-1,-12
1535040505543565,-1,2,0,-2,-1,2,4,6
1535040505565588,4,-2,1,3,0,1,-2,6
1535040505565588,5,4,2,1,-1,-3,3,20
1535040505566478,-7,-1,-3,-1,0,1,-3,-8
1535040505566478,-6,-2,-2,0,0,-1,-3,-24
1535040505581471,-3,1,-4,-5,-1,-1,0,22
1535040505581471,2,5,-1,-1,0,-1,-2,-19
1535040505588583,10,4,1,0,0,2,1,22
1535040505588583,-4,-2,1,1,-3,-3,-1,7
1535040505603531,3,0,-2,-2,1,5,0,-5
1535040505603531,-5,-2,-1,-2,1,0,0,9
1535040505604456,1,1,0,3,-1,0,2,-2
1535040505604456,-4,-2,-1,2,-1,-1,-1,-3
1535040505625459,-1,-1,-1,-1,-5,-2,-3,-1
1535040505625459,-1,-4,-1,1,-1,-2,-1,2
1535040505626446,6,0,-3,-1,2,-5,-1,3
1535040505626446,4,2,3,0,-2,14,-2,-27
1535040505640434,-13,1,0,1,1,0,2,24
1535040505640434,1,3,-3,-1,1,-4,-6,-3
1535040505648544,-5,-2,-2,-3,-2,0,-1,-11
1535040505648544,0,-5,-3,-1,0,-4,-1,13
1535040505663535,7,-2,-1,-3,1,0,1,-12
1535040505663535,7,3,0,-2,2,1,4,14
1535040505664421,-13,-5,-3,-2,-3,-2,-7,-20
1535040505664421,-7,-3,-3,-2,-1,-6,-5,-19
1535040505685482,-7,-3,0,0,-2,2,-3,-12
1535040505685482,-6,-4,-4,0,-1,-2,0,1
1535040505686408,11,2,6,4,-1,2,2,5
1535040505686408,2,0,0,4,0,0,0,19
1535040505700476,-3,-1,0,-2,-2,-7,-3,-16
1535040505700476,3,3,-2,-4,3,3,-2,-19
1535040505708504,-1,5,6,7,0,4,6,32
1535040505708504,-10,-5,-6,-5,-4,-7,-6,-5
1535040505723403,2,-1,-3,0,0,-2,-1,5
1535040505723403,-6,-4,-1,-1,-2,1,-3,-7
1535040505724404,-5,1,-2,-2,0,0,-3,-4
1535040505724404,11,4,4,1,1,-1,6,-6
1535040505745374,1,-2,-1,-2,-1,0,0,18
1535040505745374,-5,-4,-2,0,-2,-3,-1,0
1535040505746375,-2,-1,-2,0,-2,-3,-1,-3
1535040505746375,4,3,1,-2,0,0,-4,1
1535040505760441,2,-4,-2,-3,-2,-4,-2,6
1535040505760441,-2,-4,-2,2,-2,1,3,-15
1535040505768444,4,-1,-2,44,0,1,0,20
1535040505768444,-1,0,0,23,2,-5,-3,-24
1535040505791461,6,0,2,7,3,6,4,38
1535040505791461,-6,-5,0,-14,-2,-4,-3,5
1535040505792366,8,-7,-5,-31,-2,0,2,4
1535040505792366,0,-32,-4,-16,2,-1,-2,5
1535040505805459,-8,-36,-1,-8,0,-2,-1,-38
1535040505805459,1,-25,0,-5,1,2,0,-1
1535040505806349,-7,-15,-2,-15,2,-5,-7,-13
1535040505806349,-4,4,0,-2,3,-6,-1,23
1535040505820403,-3,9,-2,-5,-1,0,-3,-35
1535040505820403,4,12,2,5,-3,3,5,21
1535040505828402,-4,9,-1,-4,-6,-5,0,-8
1535040505828402,-2,10,0,-4,-5,0,-1,0
1535040505843352,3,8,-3,-1,-5,0,-5,4
1535040505843352,0,8,1,4,-3,1,3,-4
1535040505844322,-1,2,-2,-5,-1,0,-2,-9
1535040505844322,0,3,0,0,-2,5,2,6
1535040505865424,-2,3,-3,1,-3,-8,-3,-7
1535040505865424,6,10,0,1,-1,-2,-1,18
1535040505866305,-8,4,0,-6,-1,0,0,-4
1535040505866305,2,5,-3,-2,-1,2,2,1
1535040505880416,5,9,-2,0,-1,-2,-1,-13
1535040505880416,0,4,-2,0,-1,-2,-2,10
1535040505896288,-3,4,0,0,0,-1,-2,-15
1535040505896288,-5,11,-2,-1,1,-4,-2,2
1535040505903300,9,18,1,1,1,1,3,31
1535040505903300,-14,18,-3,1,0,-3,-7,-21
1535040505904300,0,20,-2,1,-1,0,-3,-7
1535040505904300,1,15,1,1,0,-5,0,4
1535040505925343,2,16,0,-2,-1,0,-1,-11
1535040505925343,-2,7,1,2,1,2,4,12
1535040505933268,1,4,-2,-4,-2,-4,-1,-5
1535040505933268,-1,6,-3,-5,-2,3,-2,-9
1535040505940335,-3,-1,0,-4,-2,0,0,0
1535040505940335,6,-8,-1,-2,-4,-1,-1,20
1535040505948379,-8,-11,0,-2,0,-1,1,-8
1535040505948379,5,-15,0,-2,-1,0,1,7
1535040505963325,-6,-16,-1,-3,-1,0,1,-8
1535040505963325,-2,-13,-2,-7,0,-2,-3,-9
1535040505964253,7,-15,4,1,2,-2,1,1
1535040505964253,-5,-14,-2,2,-2,1,-1,9
1535040505985355,-7,-10,-1,3,-2,-2,-3,-5
1535040505985355,0,-9,-1,5,-2,2,-1,-1
1535040505986238,1,-8,-2,3,-2,2,0,-3
1535040505986238,-1,-5,1,3,1,1,-1,-16
1535040506000246,-6,-5,-3,5,-1,0,1,13
1535040506000246,-5,-4,0,2,1,-1,0,2
1535040506008346,5,-3,-2,-1,-1,0,-2,4
1535040506008346,1,0,0,1,-1,-2,1,3
1535040506023289,-1,-2,-1,-1,-1,-1,-2,-8
1535040506023289,2,-2,-1,0,-2,-1,1,-8
1535040506024218,-4,-2,-2,-1,0,-1,-1,6
1535040506024218,2,-3,1,0,1,0,0,3
1535040506046202,0,-6,-2,-1,0,2,2,21
1535040506046202,-11,-3,-1,-1,-3,-9,-11,-44
1535040506046202,13,-3,0,0,-2,9,1,17
1535040506046202,-5,-1,-2,-1,-1,-1,-2,-11
1535040506060309,2,0,-1,-2,-1,2,0,-4
1535040506060309,0,-3,-2,0,0,-1,2,11
1535040506068265,-1,2,-1,-2,-1,-1,-2,3
1535040506068265,0,2,1,1,-1,1,-1,-4
1535040506083268,-1,4,0,0,1,1,0,-17
1535040506083268,6,3,0,-1,-1,1,3,22
1535040506084184,-10,-3,-3,-2,-3,-5,-6,-12
1535040506084184,4,0,-4,-1,-1,0,0,13
1535040506106231,-11,0,0,-3,-3,-5,-7,-11
1535040506106231,3,4,-1,-1,0,1,0,0
1535040506106231,1,-2,-1,0,1,-1,2,0
1535040506106231,-3,-1,0,-2,-1,-3,-2,-2
1535040506120232,2,-1,-3,-1,0,0,-2,-4
1535040506120232,2,-3,1,1,1,0,0,1
1535040506128270,1,-8,0,-1,-1,1,2,9
1535040506128270,-1,-10,0,-1,-2,-1,-1,0
1535040506143260,-4,-7,-3,-2,-1,-2,-6,-11
1535040506143260,4,-2,-1,1,-2,-1,2,-1
1535040506144149,-4,3,-1,0,1,-2,0,-8
1535040506144149,-6,6,-3,-1,-1,2,-1,-7
1535040506166178,3,0,-1,-1,-1,0,0,7
1535040506166178,-2,-3,-2,-2,-3,-1,-3,-7
1535040506166178,0,-3,0,0,-1,-1,-1,-3
1535040506166178,0,1,0,-2,-1,0,0,-5
1535040506189239,-3,3,0,-3,1,-1,0,13
1535040506189239,-6,-2,0,-2,-1,-5,-2,-13
1535040506190120,5,-2,-1,-2,-2,2,-1,4
1535040506190120,-3,2,-2,1,0,1,0,2
1535040506203226,4,1,0,1,-1,-1,-1,-8
1535040506203226,0,3,-2,-4,2,-1,0,7
1535040506204115,-2,0,-1,-2,-1,-5,-2,1
1535040506204115,-2,-4,0,-3,-2,0,-2,-3
1535040506226190,-2,-1,0,-1,-1,-2,-1,-15
1535040506226190,4,0,0,0,-1,4,1,21
1535040506226190,-7,1,-1,1,-1,-4,-1,2
1535040506226190,5,-2,-3,-1,-2,-4,-3,-4
1535040506249158,-2,-7,-2,-1,1,-1,0,-5
1535040506249158,0,2,-1,-1,-2,0,-2,-7
1535040506250085,0,-3,1,-1,0,-1,-2,-5
1535040506250085,-2,4,1,-2,0,-1,0,1
1535040506263094,0,-4,0,-2,-3,-2,-2,2
1535040506263094,-1,-5,-2,0,-1,1,-3,-7
1535040506264082,-5,0,-2,-1,-2,1,2,3
1535040506264082,1,-2,0,1,-2,0,-1,6
1535040506286136,1,-2,-2,-1,-2,3,-2,3
1535040506286136,-1,-1,-2,0,0,-7,-1,2
1535040506286136,-9,1,0,-2,-1,-1,-4,-11
1535040506286136,-6,0,-1,-1,1,-1,0,-11
1535040506309124,8,-1,-1,-1,-1,1,0,6
1535040506309124,0,-3,1,1,0,-1,1,-4
1535040506310055,5,6,-1,-3,-2,0,-1,1
1535040506310055,-4,1,-2,-1,0,-2,-1,-24
1535040506323078,1,-1,2,1,-1,2,4,41
1535040506323078,-6,0,-1,-2,-2,-1,-3,1
1535040506324046,2,-2,-2,-3,-1,-4,-2,-4
1535040506324046,-3,-1,1,-1,-1,0,-3,-1
1535040506346143,-1,-2,1,1,1,-1,0,-11
1535040506346143,1,0,2,1,-2,3,0,-4
1535040506346143,0,-4,0,1,-2,1,0,7
1535040506346143,1,-1,-4,-1,-2,-2,-2,6
1535040506369093,0,4,-2,1,0,-3,0,-15
1535040506369093,-3,-6,-4,-1,-1,-1,-4,-1
1535040506370020,1,0,-2,-1,-1,-1,0,3
1535040506370020,-4,-3,-3,-1,-2,-2,-4,4
1535040506383011,5,2,-2,-1,-2,-1,-3,1
1535040506383011,-8,-5,-1,1,1,0,-1,-5
1535040506384009,3,-4,1,1,-1,0,1,-5
1535040506384009,-2,0,1,0,-1,-2,0,7
1535040506406111,-3,-1,1,0,-1,-2,-1,-3
1535040506406111,4,5,0,0,-3,-1,0,-7
1535040506406111,-4,0,0,2,-1,1,-2,-9
1535040506406111,6,-4,0,1,0,4,3,14
1535040506429058,-2,-1,-1,-1,-2,-7,-2,4
1535040506429058,-7,-5,-1,-1,0,0,-5,-10
1535040506429986,1,6,-2,-4,0,-4,-1,-6
1535040506429986,-2,3,0,-2,-2,2,0,-3
1535040506443051,0,2,-1,-1,0,2,0,-3
1535040506443051,0,0,1,-3,0,0,1,3
1535040506443985,-2,-3,-2,0,-1,0,-1,3
1535040506443985,2,-4,0,0,0,-2,0,1
1535040506466038,-2,-3,-1,-2,-1,1,-1,-6
1535040506466038,-3,-9,-4,-2,-1,-5,-3,0
1535040506466962,-1,-2,-2,-1,0,0,-1,-1
1535040506466962,1,-8,-1,0,-1,-1,0,4
1535040506489026,-7,-3,-3,-1,0,0,0,-8
1535040506489026,2,5,0,0,-1,0,1,0
1535040506489952,2,1,1,-1,1,-2,1,2
1535040506489952,-3,3,-2,0,-2,0,0,-4
1535040506503020,-1,1,1,1,-2,1,0,-7
1535040506503020,-1,-1,-3,-2,-1,-3,-1,5
1535040506503942,1,1,-1,-1,-2,0,-2,9
1535040506503942,-2,-1,-3,-1,0,-3,-2,-6
1535040506526041,-1,-5,-3,-3,0,-2,-2,-5
1535040506526041,1,5,-1,-1,-1,1,0,-2
1535040506526927,0,6,0,-1,1,1,0,1
1535040506526927,0,4,-2,0,0,-1,-1,0
1535040506549027,0,4,-1,1,0,0,0,-3
1535040506549027,0,4,0,1,0,2,2,1
1535040506549931,-1,-2,-3,-3,-4,-5,0,6
1535040506549931,-3,0,-1,-2,-1,-2,0,-9
1535040506562922,-4,1,-2,-1,-1,1,-2,-1
1535040506562922,1,0,-1,0,-1,-1,-1,0
1535040506563906,-2,-4,-3,0,1,2,0,-5
1535040506563906,1,-3,-2,-2,-1,-1,-1,1
1535040506586012,-2,1,0,1,0,0,-1,0
1535040506586012,2,-4,1,0,0,1,-1,-16
1535040506586893,5,-3,0,1,1,0,1,28
1535040506586893,-6,-7,0,0,-3,-1,-3,-14
1535040506608956,-1,-3,-2,-1,-1,-3,-2,0
1535040506608956,-2,-4,-2,0,0,-1,0,-2
1535040506609883,-3,-3,-2,1,-1,-1,-3,-9
1535040506609883,5,4,1,0,-1,1,2,6
1535040506622947,1,-1,0,-2,-2,-1,-1,2
1535040506622947,-1,1,1,-1,-1,-1,-3,-1
1535040506623884,-1,0,1,-1,-1,1,1,-8
1535040506623884,-3,-5,-3,-1,-1,-3,-2,13
1535040506645875,-2,-5,-3,-2,0,-1,-1,-7
1535040506645875,2,0,-1,-2,-1,0,1,7
1535040506646858,-1,-3,-1,-3,-1,0,-1,-8
1535040506646858,0,-1,0,-2,1,-1,2,0
1535040506668845,-1,0,-1,0,0,-2,-1,4
1535040506668845,2,-1,-1,-1,0,0,-1,0
1535040506669851,-6,0,-3,1,-2,1,0,-5
1535040506669851,-1,0,0,-1,-2,0,0,7
1535040506682913,3,-1,-2,-1,-1,-1,-1,7
1535040506682913,-2,-1,-4,-2,-3,-1,-3,-7
1535040506683837,-2,0,-1,-1,0,-3,-3,-13
1535040506683837,0,-2,-2,-2,2,-1,-1,-4
1535040506705939,-2,-2,-1,-1,-2,-2,0,-2
1535040506705939,2,1,-1,0,0,0,1,3
1535040506706827,-3,-1,-1,-1,-1,-4,-1,0
1535040506706827,10,6,2,2,0,2,2,2
1535040506727925,-17,0,-2,-2,0,-2,-3,-16
1535040506727925,-2,1,1,-4,1,-4,-2,1
1535040506728814,1,2,-1,-3,0,0,0,-1
1535040506728814,-1,-4,0,0,-1,1,-2,3
1535040506742876,5,-5,0,-1,-1,2,0,2
1535040506742876,2,-4,-1,-1,-1,0,1,1
1535040506743805,-5,-2,-1,-1,-2,-2,-2,1
1535040506743805,1,-1,-2,-1,-1,-3,-4,-20
